0.30996049608300064,1.850166430997041e+17
0.31034843162252884,1.8707823647955178e+17
0.3107373394315796,1.9058327793611034e+17
0.3111272231698877,1.9143249821746208e+17
0.31151808651557855,1.8955067843066368e+17
0.3119099331652837,1.919764420020688e+17
0.31230276683425756,1.9561504486898454e+17
0.312696591256495,1.9805577037654726e+17
0.3130914101848491,1.9586016355847184e+17
0.3134872273911511,1.9441588298222102e+17
0.31388404666632974,1.9136728770388077e+17
0.31428187182053297,1.8849265035444013e+17
0.3146807066832494,1.8433735581724317e+17
0.3150805551034314,1.8243658771491405e+17
0.31548142094961895,1.7423999546761024e+17
0.3158833081100643,1.6870235408772336e+17
0.31628622049285776,1.703843773494396e+17
0.31669016202605427,1.7071997783289293e+17
0.3170951366578012,1.7368308841567136e+17
0.31750114835646676,1.9221495412553053e+17
0.3179082011107699,1.9144624661319312e+17
0.3183162989299108,1.7990454166635997e+17
0.3187254458437025,1.6497989521161488e+17
0.3191356459027034,1.6172085889852134e+17
0.3195469031783512,1.5544559572787754e+17
0.31995922176309743,1.6025318573992592e+17
0.3203726057705433,1.737703318482679e+17
0.32078705933557633,1.904662814500774e+17
0.3212025866145084,1.872737752785384e+17
0.32161919178521464,1.9856830143313264e+17
0.3220368790472734,2.05220555473001e+17
0.3224556526221073,2.0333263133036003e+17
0.32287551675312565,2.0706727939781245e+17
0.32329647570586767,1.7677224390955443e+17
0.32371853376814685,2.196014484008034e+17
0.3241416952501967,2.167747663524933e+17
0.32456596448481745,2.19334348196395e+17
0.32499134582752365,1.7554723716166883e+17
0.3254178436566936,1.8587032495492195e+17
0.3258454623737195,2.0894543218990246e+17
0.3262742064031586,2.2054147178542864e+17
0.3267040801928861,1.9763117575017667e+17
0.3271350882142487,1.7217172807216288e+17
0.32756723496221996,1.9484444856289187e+17
0.3280005249555562,2.108714334860918e+17
0.32843496273695433,1.9859013476457952e+17
0.3288705528732102,1.9939245026099664e+17
0.32930729995537916,1.8612277959011885e+17
0.32974520859893686,1.921810193572954e+17
0.33018428344394213,1.9419927735596128e+17
0.3306245291552007,1.9985875677392413e+17
0.3310659504224306,2.21365404162741e+17
0.3315085519604285,1.8887994243286944e+17
0.3319523385092376,1.8248963446763882e+17
0.33239731483431706,1.9631562119770736e+17
0.33284348572671213,2.256236507445215e+17
0.3332908560032265,2.1798590658054256e+17
0.33373943050659555,1.9304489728245206e+17
0.3341892141056611,1.9516714834744986e+17
0.33464021169554725,2.235783273422678e+17
0.3350924281978385,2.2493669685225974e+17
0.3355458685607585,2.0868401966530992e+17
0.3360005377593503,1.9881700267917597e+17
0.3364564407956588,1.928248824087563e+17
0.33691358269891375,1.695459391437502e+17
0.337371968525715,9.787868388722214e+16
0.33783160336021867,1.5948709376392634e+17
0.33829249231432545,2.0614076513807117e+17
0.3387546405278696,2.185362123449327e+17
0.33921805316881054,2.189106122950513e+17
0.3396827354334253,2.0105332793206886e+17
0.34014869254650276,2.0966644722493024e+17
0.3406159297615392,2.2615461851569667e+17
0.34108445236093604,2.020755467593226e+17
0.341554265656199,1.9452307220396106e+17
0.3420253749881387,1.99251916472409e+17
0.34249778572707257,2.25086020311507e+17
0.3429715032730298,1.8283391343476173e+17
0.3434465330559564,1.8220429862131027e+17
0.34392288053592307,1.9831191112065312e+17
0.344400551203334,1.956503641570386e+17
0.3448795505791384,1.8360980714423037e+17
0.34535988421504243,1.787418485921117e+17
0.34584155769372454,1.7263999203820822e+17
0.346324576629051,1.9104763841902506e+17
0.34680894666629447,1.6145223838858227e+17
0.34729467348235366,1.550913052593807e+17
0.34778176278597545,2.0103710327245984e+17
0.3482702203179783,1.991665344788031e+17
0.3487600518514775,1.6645039102200845e+17
0.34925126319211336,1.9284256439303046e+17
0.34974386017827996,1.739294017450728e+17
0.3502378486813566,1.639308162634348e+17
0.35073323460594136,1.709388858998983e+17
0.35123002389008573,2.003354311595636e+17
0.35172822250553265,2.0492731736184906e+17
0.3522278364579553,2.1650568817617578e+17
0.3527288717871985,2.0451069353369888e+17
0.35323133456752215,2.120495448983296e+17
0.35373523090784664,2.0845222728947062e+17
0.35424056695200073,2.094589322469648e+17
0.3547473488789707,2.146467623751046e+17
0.3552555829031526,1.8157203026570515e+17
0.3557652752746062,2.0987082606939754e+17
0.3562764322793111,1.939617908551864e+17
0.35678906023942525,1.8828812673856246e+17
0.3573031655135454,2.101243722851356e+17
0.3578187544969704,1.675005752801448e+17
0.3583358336219661,2.1287075744954714e+17
0.35885440935803253,1.4055933738158717e+17
0.35937448821217466,1.878548917309985e+17
0.35989607672917345,1.8981161992207206e+17
0.3604191814918612,1.3417964961071386e+17
0.3609438091213981,1.9209658255427754e+17
0.3614699662775518,1.4387431412955138e+17
0.36199765965897884,1.6495888689827066e+17
0.3625268960035095,2.160976907963227e+17
0.36305768208843414,1.1892424279676814e+17
0.3635900247307925,1.1518912897659816e+17
0.3641239307876659,7.222858438745166e+16
0.3646594071564713,2.0168427169416557e+17
0.36519646077525847,1.5323588654558157e+17
0.3657350986230096,1.5747296801589485e+17
0.36627532771994165,1.1913568889278382e+17
0.3668171551278114,8.09391579587266e+16
0.36736058795022297,1.3328310509387334e+17
0.3679056333329384,6.180195630048547e+16
0.3684522984641909,1.1230391953465634e+17
0.3690005905750008,8.146381611546538e+16
0.3695505169394941,5.618413163258844e+16
0.37010208487522467,1.2364189297435277e+17
0.37065530174349853,5.428515240735608e+16
0.3712101749497013,5.280305946060418e+16
0.371766711943629,1.3775999643056816e+17
0.37232492021982055,7.048826687553306e+16
0.3728848073178955,5.296499384410388e+16
0.37344638082289233,898871974844003.9
0.3740096483656116,240640314437504.62
0.37457461762296157,5.8257531733078104e+16
0.3751412963183064,5.825923111776991e+16
0.375709692221819,2.6182915806744356e+16
0.37627981315083536,1.7919783176548392e+16
0.37685166697021355,1.2768930043614182e+17
0.37742526159269485,1.6153700020123667e+17
0.378000604979269,4.139291407875597e+16
0.37857770513954275,8.522890248226187e+16
0.37915657013211096,1.7451097244168654e+16
0.3797372080649319,3.4886484706271476e+16
0.3803196270957063,1.7387141958786024e+16
0.38090383543225886,1.4043247146329074e+17
0.38148984133292385,3.6668643579003944e+16
0.3820776531069346,1.0280063470800958e+16
0.3826672791148156,5.222368929736362e+16
0.38325872776877973,1.0120572767473533e+17
0.38385200753312776,4707316885801539.0
0.384447126924652,2732793989591079.0
0.38504409451304433,2.2021366240106428e+16
0.3856429189213072,6778343252636549.0
0.38624360882616904,1849025427500535.0
0.3868461729585031,4181265788030244.0
0.3874506201037508,5891345274097821.0
0.3880569591023482,3.6015588678863936e+16
0.3886651988501575,5.6434569062203464e+16
0.389275348298902,1.0710494266641675e+17
0.3898874164566046,1.4009995988486786e+17
0.3905014123880323,1.2118427609716181e+17
0.39111734521514274,1.6355113010120784e+17
0.39173522411753636,1.8231958651241405e+17
0.3923550583329122,1.1952861597112096e+17
0.3929768571575285,7.263787348310144e+16
0.3936006299466675,8.560824883139442e+16
0.39422638611510413,4.1515031305494904e+16
0.39485413513758044,4.2240001523092824e+16
0.3954838865492831,1.447572946700913e+17
0.39611564994632675,7.251970813133504e+16
0.3967494349862408,3.79474931659968e+16
0.3973852513884623,1.2244575048674283e+17
0.3980231089348323,2.8143170067265228e+16
0.3986630174700973,1.0445424659262054e+16
0.3993049869024163,1.1328479787475902e+16
0.3999490272038718,5.384295360748259e+16
0.4005951484109863,7976817301878619.0
0.4012433606252436,2.8846215913295176e+16
0.40189367401361514,2.1310457829610268e+16
0.40254609880909176,4.347460609967551e+16
0.40320064531122035,7.192985945344567e+16
0.4038573238866458,2.0793173850996724e+16
0.4045161449696582,3.4439086514197296e+16
0.40517711906274595,7.417820642365442e+16
0.40584025673715307,3391439507938702.5
0.4065055686334435,1.2033901948231306e+16
0.4071730654620698,4.883354182846876e+16
0.4078427580039482,2.3369856586895944e+16
0.40851465711103874,2.870660573356113e+16
0.4091887737069315,6.945385729076529e+16
0.40986511878743886,8.535901751495314e+16
0.41054370342119295,7173432665998664.0
0.4112245387502496,6.257522339884867e+16
0.4119076359906985,7.675646581977203e+16
0.41259300643327873,3.223884855861014e+16
0.4132806614440009,8.709051574425653e+16
0.4139706124647755,4.7216616672932696e+16
0.41466287101404764,1.1295255224041808e+17
0.41535744868743807,7.612867135511205e+16
0.4160543571583901,1.455730258382318e+16
0.4167536081788244,9247597649024852.0
0.4174552135797988,3794918315037389.0
0.41815918527217627,7.970782702136853e+16
0.4188655352472982,4.901651358241957e+16
0.41957427557766586,2.4782912129716876e+16
0.420285418417628,5.5177992315495176e+16
0.4209989760040756,1.521709471997028e+16
0.4217149606571437,1.7003165184996544e+16
0.4224333847809208,6.747017561213409e+16
0.42315426086416463,6.087651305641487e+16
0.4238776014810265,1.114961623644774e+16
0.42460341929178175,2.9635359257273336e+16
0.42533172704356864,1.2814752035782146e+16
0.42606253757113494,2.758097710652171e+16
0.4267958637975912,1118525063509322.4
0.4275317187351733,8138285351139022.0
0.42827011548601124,2.658133391898799e+16
0.4290110672429075,1848383766624327.0
0.42975458729012217,4475729527574888.5
0.43050068900416755,2428380191429788.0
0.4312493858546096,3826978620540581.5
0.43200069140487896,61355425741605.266
0.4327546193130899,1620746176620342.5
0.43351118333286803,243845492752077.7
0.43427039731418654,4292103665247.764
0.43503227520421145,11004599025721.963
0.4357968310481556,384034941003462.94
0.4365640789901417,1846080270390.2397
0.43733403327407494,1992143685.1638782
0.4381067082445239,36327739467757.05
0.43888211834761154,1630698731843.6309
0.4396602781319158,189294437.9350313
0.44044120224937927,2628207213.4855847
0.44122490545622867,3666206656.0532618
0.44201140261390465,611389.7684519982
0.44280070869000093,14853757.897428378
0.4435928387592138,3243.96861802364
0.44438780800430205,1084.1717128621183
0.4451856317170566,3.442924579967161e-08
0.4459863252992815,4.233694394933008e-15
0.44678990426378473,3.5018460457312967e-19
0.44759638423538,7.294521850661657e-05
0.44840578095189965,2.317513030932098e-08
0.4492181102652183,0.0
0.45003338814228766,5.710728524707876e-25
0.4508516306661827,1.4150676303174113e-09
0.45167285403715945,0.00011105722459881911
0.45249707457372357,1.9573729187144164e-08
0.45332430871371215,0.04578740271497789
0.45415457301538553,5.033486642399474
0.4549878841585331,0.00600534798098349
0.4558242589455892,4.5798869125373487e-26
0.45666371430276337,3.1324168197881505e-07
0.45750626728118177,9.082229518963527e-17
0.4583519350580416,2.352480163555657e-23
0.45920073493777874,0.0
0.4600526843532477,5.64387275067052e-14
0.46090780086691546,8.044076933950935e-11
0.46176610217206804,0.0
0.4626276060940308,0.0
0.4634923305914028,0.0
0.4643602937573043,0.0
0.4652315138206388,8.488174306364217e-19
0.4661060091473694,1.9777259449668295e-06
0.4669837982418089,9.90592092952254e-09
0.4678648997479255,1.0719005810372524
0.46874933245066264,6.708825699472072
0.4696371152772737,870.8743634324568
0.4705282672986727,2876.225417500854
0.4714228077307995,2.0700712424361826e-26
0.4723207559360009,2.8185593930235315e-09
0.4732221314244284,4.093387956530311e-10
0.4741269538554503,8.063613026303301e-19
0.4750352430390815,4.25705811344452e-15
0.475947018937429,4.133731577872387e-16
0.4768623016661549,3.179678191625068e-09
0.47778111149595476,1.6082142278666047e-14
0.47870346885405507,3.8353726451568575e-12
0.4796293943257263,1.1967940289594622e-15
0.4805589086558149,0.0026450460528488545
0.48149203275029223,7.423299649306635e-09
0.48242878767782205,10.442334411538743
0.48336919467134604,108577.21277912472
0.4843132751296886,210096761.34414443
0.4852610506191791,7027509787.834823
0.48621254287529514,1889548.2717418226
0.4871677738043232,357867575.34850854
0.48812676548504036,2496505248576.0127
0.48908954017041517,1151898728304.1514
0.49005612028932904,4160812063419.25
0.4910265284483179,269261983727875.4
0.4920007874333344,2396280687890556.0
0.4929789202115319,3335729069338607.0
0.4939609499330687,1.4165850640486342e+16
0.4949468999329351,9652655092604320.0
0.49593679373280103,4.461749894797226e+16
0.4969306550428868,1.806540602708785e+16
0.49792850776385644,2.191235850988056e+16
0.49893037598873335,3.479217009162999e+16
0.49993628400483975,4.954276524596179e+16
0.5009462562957586,1.0075767909859642e+17
0.5019603175433209,1.0178190943323787e+17
0.5029784926296157,1.4600972112341898e+17
0.5040008066390255,2.004183487309158e+17
0.5050272848602863,1.4836123808458352e+17
0.5060579527885725,8.074734103108934e+16
0.5070928361276084,1.2259161570781957e+17
0.5081319607918042,2.5319016352215776e+17
0.50917535290842,8.655402667396458e+16
0.5102230388197542,2.605710116223286e+17
0.5112750450853619,1.89929525000295e+17
0.5123313984842987,1.5167551583102608e+17
0.5133921260173924,1.5474051100886426e+17
0.5144572549095446,1.904165607278951e+17
0.5155268126120592,1.8800256734546986e+17
0.5166008268050011,2.4543155816997078e+17
0.5176793253995836,2.2422742618820528e+17
0.5187623365405869,2.0369686243278688e+17
0.5198498886088061,1.6814259732949523e+17
0.5209420102235305,2.305996490180891e+17
0.5220387302450538,2.377217717448621e+17
0.5231400777772163,1.649305506467712e+17
0.5242460821699799,2.6268734282988714e+17
0.525356773022035,2.653743819451383e+17
0.5264721801834406,2.4918197488092275e+17
0.5275923337582991,2.1665105610569322e+17
0.5287172641074638,2.6634139517313216e+17
0.5298470018512832,2.3601249154610064e+17
0.530981577872378,2.96511723279509e+17
0.532121023318456,2.888022012284346e+17
0.5332653696051624,2.838596298728226e+17
0.5344146484189666,2.61056998790183e+17
0.5355688917200875,2.897938674680192e+17
0.5367281317454556,3.1625277950899603e+17
0.5378924010117149,2.91106639153537e+17
0.539061732318262,2.8748234837238845e+17
0.5402361587503279,2.9743982848328045e+17
0.5414157136820972,3.049155586890721e+17
0.5426004307798699,3.0222025441778976e+17
0.5437903440052643,3.1545745218343974e+17
0.5449854876184627,3.0266805482199494e+17
0.5461858961814989,3.04614038119019e+17
0.5473916045615905,3.177835326169453e+17
0.5486026479345145,3.100031704547582e+17
0.5498190617880278,3.1131168104594765e+17
0.5510408819253345,3.285267627939114e+17
0.5522681444685981,3.211822079492533e+17
0.5535008858625011,3.292131104091733e+17
0.5547391428778535,3.322264710652266e+17
0.5559829526152478,3.3647210528583885e+17
0.5572323525087652,3.327514146598037e+17
0.5584873803297309,3.404241371089762e+17
0.5597480741905203,3.317664223404779e+17
0.5610144725484175,3.426068836362268e+17
0.562286614209525,3.1753393571219866e+17
0.5635645383327285,3.033942829111615e+17
0.5648482844337142,3.34213718920356e+17
0.5661378923890423,3.322420558489964e+17
0.5674334024402757,3.1113606357354464e+17
0.5687348551981662,3.3903558703360486e+17
0.5700422916468978,3.3111003446635635e+17
0.5713557531483884,3.3513398743403456e+17
0.5726752814466525,3.097448311583398e+17
0.5740009186722235,3.3926227793236736e+17
0.5753327073466369,3.395692591094564e+17
0.5766706903869779,3.3641620004831277e+17
0.5780149111104906,3.5316076130798214e+17
0.5793654132392535,3.557027201331544e+17
0.5807222409049192,3.504058549372498e+17
0.5820854386535225,3.46941357329717e+17
0.5834550514503543,3.401440667630093e+17
0.5848311246849068,3.337948883732363e+17
0.5862137041758878,3.469079626906009e+17
0.5876028361763046,3.368707902076911e+17
0.5889985673786235,3.475511209990481e+17
0.5904009449200012,3.1912725615919334e+17
0.5918100163875907,3.301143726185399e+17
0.5932258298239246,3.2537667460723194e+17
0.5946484337323754,3.0857634834241434e+17
0.5960778770826936,3.125037624183816e+17
0.5975142093166278,2.767988164719491e+17
0.5989574803536245,2.3306277915756256e+17
0.6004077405966114,2.1795975125441875e+17
0.6018650409378653,2.4191848628060288e+17
0.6033294327649648,1.9059407214623536e+17
0.6048009679668305,2.3398751938219184e+17
0.6062796989398546,3.1125714815564685e+17
0.607765678594119,3.045260788484461e+17
0.6092589603597064,3.244106886112507e+17
0.6107595981931048,2.8348065211087392e+17
0.6122676465837049,2.4537939743470195e+17
0.6137831605603973,1.4805270233156262e+17
0.6153061956982643,8.705945829123944e+16
0.6168368081253744,1.2882484487105885e+17
0.618375054529677,4.826182495452578e+16
0.6199209921660013,1.2177943100413992e+17
0.6214746788631592,2.5722771802664013e+17
0.6230361730311571,2.691758374910727e+17
0.6246055336685151,2.5921591161718746e+17
0.6261828203696982,2.3396740724004557e+17
0.6277680933326595,2.087273473108853e+17
0.6293614133664988,1.4917436199610694e+17
0.6309628418992379,8.660983947043794e+16
0.6325724409857155,6.594094299594602e+16
0.6341902733156024,2.999285585657713e+16
0.6358164022215398,4.9621589641681176e+16
0.637450891687405,3.1987739359947424e+16
0.6390938063567024,9592468190666686.0
0.6407452115410865,1.0421889713973028e+16
0.6424051732290168,1590076878580729.5
0.6440737580945468,2674072334084201.5
0.6457510335062513,1277444823311815.8
0.6474370675362937,56096253355073.92
0.6491319289696349,64295419329560.94
0.6508356873133871,1566247899601.7227
0.6525484128063171,2364869936018.9443
0.6542701764284974,352092079127173.1
0.6560010499111124,601860114813722.1
0.6577411057464204,117289836595414.64
0.6594904171978737,205374430550749.1
0.6612490583104014,1185564688.890432
0.663017103920857,694256932.2243218
0.6647946296686341,43838041612749.97
0.666581712006453,28531092384930.54
0.6683784282113222,720369553850.7079
0.670184856395677,7544850255120.368
0.6720010755187006,15631200915045.62
0.6738271653978275,155143265662.26187
0.6756632067204373,15751217052492.877
0.6775092810557392,12664669183261.635
0.6793654708668506,3075871091546419.0
0.6812318595230784,2364009951836626.0
0.683108531312398,7791070482530104.0
0.6849955714541451,2.281533614662741e+16
0.6868930661119128,3.458653438079467e+16
0.688801102406668,7.36719854963907e+16
0.6907197684300849,1.0770161521662478e+17
0.692649153258102,2.0220450379768848e+17
0.6945893469647073,1.7365816438771856e+17
0.6965404406359565,2.2473787244013494e+17
0.6985025263842267,2.546090423110224e+17
0.7004756973627132,3.114083901588224e+17
0.7024600477801715,2.894880021224549e+17
0.7044556729159106,3.454953358675928e+17
0.7064626691350443,3.277005625234909e+17
0.7084811339040015,3.5169498659568704e+17
0.7105111658063052,3.258846859747477e+17
0.7125528645586222,3.508980126796795e+17
0.7146063310270908,3.34161539083357e+17
0.7166716672439322,3.5694996748201197e+17
0.7187489764243493,3.619503755094802e+17
0.7208383629837224,3.766628262852336e+17
0.7229399325551036,3.7869207212381914e+17
0.725053792007019,3.7185694331317606e+17
0.727180049461585,3.8790418553956314e+17
0.7284618004300838,3.978513918508777e+17
0.7293188143129427,3.882717463458655e+17
0.7297480778881711,3.9873825343097274e+17
0.7301778470742064,4.0167224924076704e+17
0.7306081227648807,3.5020517474783955e+17
0.7310389058561336,4.0374074238504166e+17
0.7314701972460192,4.038969982597894e+17
0.7319019978347123,3.9376766200179706e+17
0.7323343085245142,4.056214076418131e+17
0.7327671302198596,3.9678022705983226e+17
0.7332004638273226,3.6925838670860365e+17
0.7336343102556228,3.9178838978791443e+17
0.7340686704156322,3.947516876835694e+17
0.7345035452203806,3.996556940058203e+17
0.7349389355850637,3.8892588212070394e+17
0.7353748424270478,3.9845085287378944e+17
0.7358112666658768,4.033172047608059e+17
0.7362482092232794,3.739020030627342e+17
0.7366856710231744,3.940243430171634e+17
0.7371236529916781,3.831401082497037e+17
0.7375621560571104,3.6521475428902355e+17
0.7380011811500016,3.8537520021536115e+17
0.7384407292030987,3.9860129829820845e+17
0.7388808011513722,3.906764321867109e+17
0.7393213979320229,3.957806611959095e+17
0.7397625204844884,3.93467390545433e+17
0.7402041697504493,3.96751444575131e+17
0.7406463466738366,4.000220619538451e+17
0.7410890522008384,4.002562417932175e+17
0.7415322872799059,3.9061896250631885e+17
0.7419760528617608,4.034070915108209e+17
0.7424203498994026,4.0795934509340666e+17
0.7428651793481141,3.9525909865919597e+17
0.7433105421654692,3.9345617107658394e+17
0.7437564393113393,3.856203617278865e+17
0.7442028717479008,3.268930112384886e+17
0.7446498404396411,3.8620190674695565e+17
0.745097346353367,4.0217489159676704e+17
0.7455453904582096,4.0391519945251366e+17
0.7459939737256333,3.97278051626453e+17
0.7464430971294417,4.051389936143548e+17
0.7468927616457847,4.0342332893056166e+17
0.7473429682531662,3.9885703029718163e+17
0.7477937179324503,4.0472430941281094e+17
0.7482450116668693,3.992450200763754e+17
0.7486968504420305,3.9632837890888934e+17
0.7491492352459231,3.9791153119468454e+17
0.7496021670689254,3.8565287497065984e+17
0.7500556469038128,3.9724093193658554e+17
0.7505096757457643,3.9822285547386496e+17
0.7509642545923698,3.7058472459814234e+17
0.751419384443638,3.994776958867273e+17
0.7518750663020028,3.870816498166041e+17
0.7523313011723316,3.826705567429105e+17
0.7527880900619324,4.0152931031676506e+17
0.7532454339805605,3.829086585111414e+17
0.7537033339404271,3.834583000301756e+17
0.754161790956206,3.920866438558912e+17
0.7546208060450411,3.770731041875124e+17
0.7550803802265544,3.858759783974534e+17
0.7555405145228535,3.830362406386298e+17
0.756001209958538,3.745456957982968e+17
0.7564624675607093,3.827458205209807e+17
0.756924288358976,3.817423234260208e+17
0.7573866733854627,3.9299517294216045e+17
0.7578496236748182,4.0676526996277824e+17
0.7583131402642219,4.0305617536767654e+17
0.7587772241933921,4.008291111650292e+17
0.7592418765045944,3.998461061541494e+17
0.7597070982426487,4.0858944860174234e+17
0.7601728904549372,4.075745781817902e+17
0.7606392541914127,4.041525796730764e+17
0.7611061905046055,4.116936181947493e+17
0.761573700449633,4.1076070570540934e+17
0.7620417850842057,4.0916485623972454e+17
0.7625104454686362,4.0659555257214234e+17
0.7629796826658477,4.026226264193411e+17
0.7634494977413809,4.1010554252291603e+17
0.7639198917634027,4.0894917901864736e+17
0.7643908658027143,3.99911690235808e+17
0.7648624209327591,3.937074457577355e+17
0.7653345582296311,3.9328998084866035e+17
0.7658072787720832,4.034517814024897e+17
0.7662805836415344,4.0691829969629184e+17
0.7667544739220794,3.913665808076421e+17
0.7672289507004966,3.837355766591145e+17
0.7677040150662555,4.005543013365889e+17
0.7681796681115257,3.954062934558956e+17
0.7686559109311857,3.9271223592134637e+17
0.7691327446228303,3.8135231722709075e+17
0.7696101702867799,3.741411141360575e+17
0.7700881890260887,3.583131813737231e+17
0.7705668019465521,3.7357813954388154e+17
0.7710460101567179,3.7718685382623494e+17
0.7715258147678922,3.814375376358178e+17
0.7720062168941486,3.9444999546304365e+17
0.7724872176523381,3.862768293033421e+17
0.7729688181620964,3.7193264867430086e+17
0.7734510195458532,3.6401239122071277e+17
0.7739338229288406,3.6358197102319424e+17
0.7744172294391022,3.614185998729016e+17
0.7749012402075016,3.8472360610237376e+17
0.7753858563677315,3.902774167610383e+17
0.775871079056322,4.0912979695962355e+17
0.7763569094126503,3.966535999683465e+17
0.776843348578949,3.9204641756120346e+17
0.777330397700315,4.1325533543547226e+17
0.7778180579247193,4.093047425747803e+17
0.7783063304030148,4.118504409338231e+17
0.7787952162889462,4.0140950757757696e+17
0.7792847167391594,3.8431803795075104e+17
0.7797748329132091,3.8331636275116576e+17
0.7802655659735698,3.676228093164025e+17
0.780756917085644,3.9653781538624486e+17
0.781248887417771,3.98888870260964e+17
0.7817414781412374,4.023306331708838e+17
0.7822346904302855,4.063718520258857e+17
0.7827285254621229,3.904182739434786e+17
0.7832229844169315,3.873760905797691e+17
0.7837180684778777,3.779131887199412e+17
0.7842137788311211,3.8773886820951366e+17
0.7847101166658244,3.8070967303169114e+17
0.7852070831741625,3.677270321306386e+17
0.7857046795513324,3.6461971618216986e+17
0.7862029069955627,3.3430833290450694e+17
0.7867017667081234,3.811314149914311e+17
0.787201259893335,3.6952402053873235e+17
0.7877013877585786,3.715122710292984e+17
0.7882021515143056,3.5952119439009914e+17
0.7887035523740474,3.6448269448930586e+17
0.7892055915544256,3.597258840242494e+17
0.7897082702751609,3.6920561995510515e+17
0.7902115897590839,3.879316664219872e+17
0.7907155512321445,3.9127580558193094e+17
0.7912201559234222,3.9941714496114925e+17
0.7917254050651357,3.9771736876661766e+17
0.7922312998926535,4.042551030782002e+17
0.7927378416445029,3.9649062777507104e+17
0.7932450315623817,4.018080115572169e+17
0.7937528708911669,4.023680363975785e+17
0.7942613608789254,4.052869027942332e+17
0.7947705027769246,3.980189794094038e+17
0.7952802978396425,4.008387354712971e+17
0.7957907473247771,4.00666750016432e+17
0.7963018524932579,4.030835065709797e+17
0.7968136146092561,3.9111047720143994e+17
0.7973260349401946,3.9701321889777965e+17
0.7978391147567584,3.920117809976512e+17
0.7983528553329058,4.009733823089028e+17
0.798867257945878,4.009430546568218e+17
0.7993823238762107,3.983203215624194e+17
0.7998980544077436,3.965373321585375e+17
0.8004144508276323,4.009313763497706e+17
0.8009315144263582,3.90395493027336e+17
0.8014492464977392,3.989143823741541e+17
0.8019676483389409,4.006618390015218e+17
0.8024867212504871,4.031342529161819e+17
0.8030064665362711,3.951932717435629e+17
0.8035268855035661,3.943662420614406e+17
0.8040479794630369,3.895209217452897e+17
0.8045697497287493,3.88406994600945e+17
0.8050921976181835,3.816603234962031e+17
0.8056153244522434,3.924912071367886e+17
0.8061391315552682,3.9036763190882234e+17
0.806663620255044,3.915379819591306e+17
0.8071887918828142,3.925546472714134e+17
0.8077146477732916,3.807010557893378e+17
0.8082411892646693,3.828595045290119e+17
0.8087684176986318,3.9375509134904666e+17
0.8092963344203672,3.947515561264351e+17
0.8098249407785778,3.817541724284917e+17
0.8103542381254919,3.604875156906199e+17
0.8108842278168755,3.840336014415576e+17
0.8114149112120437,3.928698521010527e+17
0.811946289673872,3.681873654526504e+17
0.8124783645688091,3.748085801480923e+17
0.813011137266887,3.620193076040291e+17
0.813544609141734,3.8434563605277997e+17
0.8140787815705861,3.900298002565885e+17
0.8146136559342987,3.6671540532485357e+17
0.8151492336173587,3.8156600727837466e+17
0.8156855160078964,3.6628403133949766e+17
0.8162225044976976,3.3782568889273005e+17
0.8167602004822151,3.4781098547941626e+17
0.8172986053605817,3.432260240431871e+17
0.8178377205356216,3.52860641731976e+17
0.818377547413863,3.643190331778039e+17
0.8189180874055499,3.090104640183845e+17
0.8194593419246546,3.310960214543209e+17
0.8200013123888906,3.5529593135966483e+17
0.8205440002197238,3.601242764126853e+17
0.8210874068423859,3.672242152361109e+17
0.8216315336858865,2.5348698930244832e+17
0.8221763821830256,3.286876273337511e+17
0.8227219537704065,3.443344392405028e+17
0.8232682498884479,3.470749620442515e+17
0.823815271981397,2.475456922941833e+17
0.8243630214973421,2.1529557791689178e+17
0.8249114998882253,2.4775947991302256e+17
0.8254607086098552,3.12149713400783e+17
0.8260106491219205,3.540100650098693e+17
0.8265613228880018,3.335288736907838e+17
0.8271127313755854,2.891261370755633e+17
0.8276648760560765,2.5164170830356566e+17
0.8282177584048114,3.023682435357558e+17
0.8287713799010712,2.2273996922371517e+17
0.8293257420280953,2.4074457570700234e+17
0.8298808462730941,2.680046241337309e+17
0.8304366941272622,2.385094918513333e+17
0.8309932870857927,2.1557738873429917e+17
0.831550626647889,2.58695236741195e+17
0.8321087143167802,2.282368641191572e+17
0.832667551599733,2.4721373066251376e+17
0.8332271400080661,1.2260753073457813e+17
0.8337874810571638,7.882262520027818e+16
0.834348576266489,1.5998675750324246e+17
0.8349104271595976,1.6179142160477264e+17
0.8354730352641526,1.7748122701096054e+17
0.836036402111937,1.9141167887521536e+17
0.8366005292388681,7.528784896252389e+16
0.8371654181850119,1.479972572541266e+17
0.8377310704945964,7.774233446793827e+16
0.8382974877160261,1.5342788338866736e+17
0.8388646714018962,8.10483832952197e+16
0.8394326231090065,8.885267651264402e+16
0.8400013443983757,8.745940730797651e+16
0.840570836835256,2.3393446538972336e+17
0.841141101989147,1.2322457998586078e+17
0.8417121414338102,8.871928742981291e+16
0.8422839567472844,5.900940897176763e+16
0.8428565495118984,2.2479901964751824e+16
0.8434299213142874,6.242051895277914e+16
0.8440040737454069,1.1885870632781587e+17
0.8445790084005467,9.624523476527512e+16
0.8451547268793473,4.5029870152597464e+16
0.8457312307858135,8.123045510551574e+16
0.8463085217283293,1.1606098124500328e+17
0.8468866013196739,1.881744496314611e+17
0.8474654711770353,5.3534517589937816e+16
0.8480451329220264,1.6124128591461037e+17
0.8486255881806999,1.1128260295739243e+17
0.8492068385835635,1.0508366212964368e+17
0.8497888857655946,1.9999815426183264e+17
0.850371731366257,1.6703158234742182e+17
0.8509553770295145,1.4299036139471328e+17
0.8515398244038479,1.0797834408284918e+17
0.8521250751422699,8.055499321872763e+16
0.8527111309023401,1.6704599839887427e+17
0.8532979933461821,9.939693433537141e+16
0.8538856641404976,7.54699801794256e+16
0.8544741449565834,1.3619510738319132e+16
0.8550634374703466,3.304881797179172e+16
0.8556535433623207,1.2275377503344266e+17
0.8562444643176813,1.3872972500897214e+17
0.856836202026263,4.338168440007661e+16
0.8574287581825745,2.7611492517927176e+16
0.858022134485815,5.93349810131778e+16
0.8586163326398909,7.352644969825589e+16
0.8592113543534322,5.351847836481376e+16
0.8598072013398077,4.304431841661736e+16
0.8604038753171427,3.761281134049462e+16
0.8610013780083351,4.673421897543837e+16
0.8615997111410719,6.009674604745697e+16
0.8621988764478461,1.5590524934790306e+16
0.8627988756659726,3.5042598402640212e+16
0.8633997105376062,4.4877814640301256e+16
0.8640013828097579,2.5012447991991116e+16
0.8646038942343114,2.442859067679027e+16
0.8652072465680409,4.166270346280388e+16
0.8658114415726276,2923999475510901.0
0.8664164810146768,5.805297099173001e+16
0.8670223666657361,7.113426671939506e+16
0.8676291003023112,4.382069269922303e+16
0.8682366837058841,5244850201708046.0
0.868845118662931,5.68454415214725e+16
0.8694544069649387,3.182685198044587e+16
0.8700645504084229,2.953937785111692e+16
0.8706755507949457,1.935799058589857e+16
0.8712874099311333,1.0491748164097754e+16
0.8719001296286938,5.2564210764312424e+16
0.8725137117044354,1.038244695547389e+16
0.8731281579802834,9351425683244728.0
0.8737434702833,2418972904035516.5
0.8743596504457001,1.526043554333955e+16
0.8749767003048712,1.3205373963131934e+16
0.8755946217033916,3.984125305911993e+16
0.8762134164890478,205381716420941.8
0.8768330865148533,405886990460320.4
0.8774536336390677,2.599069605368173e+16
0.8780750597252144,2931894836333597.5
0.8786973666420996,2343273475904452.5
0.8793205562638317,515963698378399.44
0.8799446304698385,683267111589054.9
0.8805695911448882,1815970236098473.5
0.8811954401791063,191773344118691.8
0.8818221794679961,2241372310686832.8
0.8824498109124573,398591302957.9961
0.8830783364188052,806325549414173.2
0.8837077578987902,2591148485908821.5
0.8843380772696168,1993588638358264.0
0.8849692964539634,11409844720.228605
0.8856014173800019,3510999644.626916
0.8862344419814171,876454034358495.8
0.8868683721974268,1367748653255677.2
0.8875032099728007,52698556198232.91
0.8881389572578815,6775522550.5325165
0.8887756160086041,717971663894.8738
0.8894131881865155,80585997691202.73
0.8900516757587958,123338682798198.33
0.8906910806982776,25259694502760.656
0.891331404983467,364392173686088.44
0.891972650598563,521622344731350.94
0.8926148195334791,613006517099371.8
0.8932579137838635,4238398253974.405
0.8939019353511194,208964979947013.9
0.8945468862424261,2642199407712.6465
0.89519276847076,2184934874910.5608
0.8958395840549152,643480868924.9622
0.8964873350195246,45811345990.028305
0.8971360233950815,2665794625960.7607
0.89778565121796,2457254787331.9316
0.8984362205304366,84343595148744.22
0.8990877333807126,53805269293913.234
0.8997401918229336,1141167246924178.0
0.9003935979172132,125975139198263.08
0.9010479537296531,263767694454073.72
0.9017032613323654,330471658592969.1
0.9023595228034954,182732840973417.12
0.9030167402272415,45179985577225.195
0.9036749156938794,2791748267447.295
0.9043340512997831,19985977675.56761
0.9049941491474471,295109360573.8302
0.9056552113455095,520962855473.0922
0.9063172400087738,148759.6688396205
0.9069802372582317,4995258513061.184
0.9076442052210854,12811340970751.307
0.9083091460307711,9070110.954181774
0.9089750618269814,1354957873100.2695
0.9096419547556879,3139883461098.4395
0.910309826969165,17941271.96257009
0.9109786806260121,4766507036.095257
0.9116485178911784,2114802736989.7224
0.9123193409359842,723966135540.8331
0.9129911519381461,4125862660779.7764
0.9136639530817999,70442925193577.17
0.9143377465575241,47063714626106.94
0.9150125345623635,3519980114415.451
0.9156883192998542,282723084447342.6
0.9163651029800463,93443731344594.48
0.9170428878195285,1471128460973675.2
0.9177216760414527,4481293111554033.5
0.9184014698755575,1.5472253575257674e+16
0.9190822715581931,1.5566478936409904e+16
0.9197640833323462,4561205040748890.0
0.9204469074476636,5.7613172060039656e+16
0.9211307461604774,5.563440038336702e+16
0.9218156017338309,1.0393954291375734e+17
0.9225014764375018,7.197549633358909e+16
0.9231883725480287,1.205702085371971e+17
0.9238762923487351,1.6828804949376285e+17
0.9245652381297558,1.6076443014581946e+17
0.9252552121880616,1.5842184243341155e+17
0.9259462168274851,1.660312381022504e+17
0.9266382543587462,1.6680717074091066e+17
0.9273313270994783,1.5382793655451232e+17
0.9280254373742536,1.710853619540098e+17
0.9287205875146086,2.1488871680398086e+17
0.9294167798590725,1.5713224177972208e+17
0.9301140167531904,1.8796762411032378e+17
0.9308123005495516,1.3477901173726803e+17
0.9315116336078157,1.3356615811747648e+17
0.9322120182947388,2.106492104830396e+17
0.9329134569842005,1.629490314959785e+17
0.9336159520572309,2.1448354818943667e+17
0.9343195059020365,2.4282360044388925e+17
0.935024120914029,2.55177835283393e+17
0.935729799495851,2.922583857239153e+17
0.9364365440574036,2.3776906387480554e+17
0.937144357015875,2.1048103032726614e+17
0.937853240795766,2.722661161948028e+17
0.9385631978289194,2.684757694189284e+17
0.9392742305545474,2.3219331916857472e+17
0.9399863414192591,2.4041497636908042e+17
0.9406995328770884,2.973280869546755e+17
0.9414138073895235,2.7796268980278502e+17
0.942129167425534,2.879164546326118e+17
0.942845615461599,2.534131047560565e+17
0.9435631539817372,2.5507387532444403e+17
0.9442817854775342,2.765405750502468e+17
0.9450015124481728,2.9330425746721235e+17
0.9457223374004596,2.928719725689676e+17
0.9464442628488569,2.6386929821825114e+17
0.9471672913155099,3.3533836485080486e+17
0.9478914253302773,3.0235999374901414e+17
0.9486166674307595,2.6617626460810054e+17
0.9493430201623296,3.333184142280413e+17
0.950070486078163,3.319216732805447e+17
0.9507990677392657,2.5972901404221005e+17
0.9515287677145069,2.981872121095257e+17
0.9522595885806472,3.364128536849837e+17
0.9529915329223693,3.105049954265417e+17
0.9537246033323098,3.0200198956780986e+17
0.9544588024110874,3.482257902076742e+17
0.9551941327673362,3.332951521831007e+17
0.9559305970177352,3.152241032318098e+17
0.9566681977870389,3.2986545918446464e+17
0.9574069377081101,3.4214417683958515e+17
0.9581468194219495,3.4054280584573856e+17
0.9588878455777281,3.467492760789901e+17
0.9596300188328193,3.3228479767213165e+17
0.9603733418528293,3.4949347699982374e+17
0.9611178173116298,3.444807624650451e+17
0.9618634478913908,3.4082800255938797e+17
0.9626102362826108,3.4869372805805395e+17
0.9633581851841512,3.49725806869263e+17
0.9641072973032679,3.529957479706535e+17
0.9648575753556441,3.495797335299713e+17
0.9656090220654225,3.4610833661634656e+17
0.9663616401652397,3.3423848137667085e+17
0.9671154323962577,3.053714215933291e+17
0.9678704015081987,3.375940062716768e+17
0.9686265502593772,3.4389703571452736e+17
0.9693838814167338,3.451219857802236e+17
0.9701423977558705,3.4677091182336794e+17
0.9709021020610827,3.398274314153936e+17
0.9716629971253937,3.365328175611155e+17
0.9724250857505903,3.320393316716561e+17
0.9731883707472548,3.262967217118315e+17
0.9739528549348017,3.2561272609002246e+17
0.9747185411415115,3.268515090213889e+17
0.9754854322045655,3.256477308885425e+17
0.9762535309700807,3.084535665158798e+17
0.9770228402931462,1.962831896762538e+17
0.9777933630378569,2.936547930263206e+17
0.9785651020773501,3.068674268422755e+17
0.979338060293841,3.038510448990453e+17
0.9801122405786581,3.112685757789915e+17
0.9808876458322805,2.916470555695899e+17
0.9816642789643726,3.1330386655925344e+17
0.9824421428938214,3.0902662113897056e+17
0.9832212405487728,3.205373443540114e+17
0.9840015748666688,3.349149724950754e+17
0.9847831487942832,3.311444678446363e+17
0.9855659652877604,3.4394437399714054e+17
0.9863500273126513,3.357137837997444e+17
0.987135337843951,3.38662163090889e+17
0.9879218998661374,3.458154899590238e+17
0.9887097163732079,3.396090452739624e+17
0.9894987903687171,3.4188838847715616e+17
0.9902891248658168,3.4348489248600256e+17
0.9910807228872922,3.438866949476136e+17
0.9918735874656021,3.464251123384748e+17
0.9926677216429165,3.475405206534939e+17
0.9934631284711559,3.459014145359335e+17
0.994259811012031,3.4418090497973715e+17
0.9950577723370808,3.448223135651359e+17
0.9958570155277129,3.41798818161602e+17
0.9966575436752432,3.4001442570748986e+17
0.9974593598809354,3.4085603879451296e+17
0.9982624672560407,3.4366681486623245e+17
0.9990668689218394,3.4245712073650694e+17
0.9998725680096795,3.407086981286603e+17
1.000679567661019,3.412983270461207e+17
1.0014878710274657,3.4432462860849363e+17
1.0022974812708187,3.4014776761290643e+17
1.0031084015631089,3.4343288819563e+17
1.0039206350866419,3.3964779200636166e+17
1.0047341850340377,3.4251613635075194e+17
1.0055490546082746,3.300087204334889e+17
1.0063652470227293,3.380593722142534e+17
1.0071827655012204,3.4134200639061005e+17
1.008001613278051,3.319049229066136e+17
1.0088217935980492,3.3622138263053357e+17
1.0096433097166144,3.349201237652019e+17
1.0104661648997577,3.102209670118024e+17
1.0112903624241456,3.344236618021181e+17
1.012115905577145,3.294635417855981e+17
1.0129427976568648,3.185834196031128e+17
1.0137710419722017,3.1492138786265286e+17
1.0146006418428826,3.193063161011806e+17
1.0154316005995108,3.282570261234241e+17
1.0162639215836085,3.2237125255797254e+17
1.0170976081476641,3.135992797971344e+17
1.0179326636551747,3.216541444963461e+17
1.0187690914806924,3.180448779512123e+17
1.0196068950098705,3.24941731814681e+17
1.0204460776395083,2.9750101721027795e+17
1.0212866427775968,3.0106770711989856e+17
1.0221285938433657,3.246804357624844e+17
1.022971934267329,2.932859141533873e+17
1.0238166674913316,2.907362005091692e+17
1.0246627969685973,3.11221666261714e+17
1.025510326163774,2.8376599916224746e+17
1.0263592585529822,2.9616772053578656e+17
1.0272095976238629,2.930410206195273e+17
1.0280613468756241,3.2669803929457786e+17
1.0289145098190893,2.963465710886543e+17
1.0297690899767464,2.4551439199778442e+17
1.0306250908827952,2.929436157829719e+17
1.0314825160831969,2.943431883546429e+17
1.0323413691357224,2.9355289590617325e+17
1.0332016536100022,3.0021528788749485e+17
1.0340633730875752,2.4403604101222304e+17
1.0349265311619387,2.892013953397085e+17
1.0357911314385986,3.170358786290187e+17
1.0366571775351192,2.8610218332604384e+17
1.0375246730811738,2.9566060795381555e+17
1.038393621718595,3.0929482515924205e+17
1.039264027101427,2.989975861199219e+17
1.0401358928959754,3.10631433133216e+17
1.0410092227808587,2.9247519467556096e+17
1.041884020447061,3.0190665689310445e+17
1.0427602895979835,2.7085002344229414e+17
1.043638033949497,2.181148342109795e+17
1.044517257229994,2.953509934592755e+17
1.0453979631804406,3.0831465444605037e+17
1.0462801555544325,2.6287596941422688e+17
1.0471638381182455,2.7012964938268045e+17
1.0480490146508896,2.8134406387290275e+17
1.0489356889441646,2.0720966115771296e+17
1.0498238648027118,2.904199500990169e+17
1.05071354604407,2.8053665004718435e+17
1.05160473649873,3.0685354117713286e+17
1.052497440010189,2.2826409520158016e+17
1.0533916604350064,2.9818424928956224e+17
1.0542874016428594,3.001125206772403e+17
1.0551846675165981,2.8416514236020352e+17
1.056083461952302,2.115059889886827e+17
1.0569837888593374,2.8520675670587613e+17
1.0578856521604116,2.8348441391878275e+17
1.0587890557916333,2.7871717617693414e+17
1.0596940037025664,2.8438319082028742e+17
1.0606004998562897,2.617112999559296e+17
1.0615085482294542,2.5890523820604496e+17
1.0624181528123415,2.5234911580917226e+17
1.0633293176089216,2.3030589488234614e+17
1.064242046636912,2.3805342296843283e+17
1.0651563439278373,2.454580894022352e+17
1.0660722135270873,2.851406745460037e+17
1.066989659493978,2.128520248292518e+17
1.0679086859018112,2.107462128456649e+17
1.0688292968379332,1.7346887475689226e+17
1.0697514964037986,2.0331236283881674e+17
1.0706752887150282,1.8769877655166198e+17
1.0716006779014715,1.8891086395310077e+17
1.0725276681072686,1.6833111395935376e+17
1.0734562634909113,1.8707581354463414e+17
1.0743864682253055,8.513031386879861e+16
1.075318286497834,1.4166262007989566e+17
1.076251722510419,1.4690589603643216e+17
1.0771867804795852,1.2043965053268837e+17
1.078123464636524,7.192863389586335e+16
1.0790617792271562,1.2868816418532888e+17
1.0800017285121974,1.5909217517410275e+17
1.080943316767221,3.4749224681724812e+16
1.0818865482827247,9.218411622224248e+16
1.0828314273641944,8.518365705533133e+16
1.0837779583321703,6.591503092329766e+16
1.0847261455223118,1.8042609912920144e+17
1.0856759932854663,1.2990017491081962e+17
1.0866275059877322,1.1149536432422195e+17
1.0875806880105285,1.4706084448613584e+17
1.0885355437506608,1.708948905730258e+17
1.089492077620389,1.1625504537278518e+17
1.0904502940474956,1.639564856878951e+17
1.0914101974753545,7.333353678257322e+16
1.0923717923629979,8797583785910346.0
1.0933350831851874,2.367695104105011e+16
1.0943000744324825,8.657853889395166e+16
1.0952667706113095,1.31688722767861e+17
1.096235176244034,1.6565679410018646e+17
1.097205295869029,3.958524375460575e+16
1.0981771340407462,5.9207510059353416e+16
1.0991506953297896,5.533002939378934e+16
1.1001259843229836,8.736660189381267e+16
1.101103005623448,2.863164482247586e+16
1.102081763850669,7.974523055823995e+16
1.1030622636405716,5.99465103474896e+16
1.1040445096455944,7.0470850570706424e+16
1.1050285065347618,4.482440092624938e+16
1.1060142589937578,1.0154195481221194e+17
1.1070017717250022,7.736325553384405e+16
1.1079910494477236,6.156226437814139e+16
1.1089820968980344,1.1780736538016424e+17
1.1099749188290087,4.309890067334276e+16
1.110969520010755,1.0848524615911376e+17
1.1119659052304955,1.3414059987148885e+17
1.1129640792926416,1.6040353633975446e+17
1.1139640470188703,1.4330634593089554e+17
1.1149658132482037,2.1958124197176656e+17
1.115969382837086,1.757928471166307e+17
1.1169747606594618,2.5263823618884624e+17
1.1179819516068554,2.1736026934603072e+17
1.11899096058845,2.1825297745417133e+17
1.1200017925311676,2.526333368341679e+17
1.1210144523797492,2.078612035772793e+17
1.122028945096835,2.6331324772263222e+17
1.1230452756630458,2.4264116379215693e+17
1.124063449077065,2.413231314774117e+17
1.1250834703557193,2.418736606776572e+17
1.1261053445340623,2.556086549824667e+17
1.127129076665457,2.492059239024294e+17
1.1281546718216584,2.595646239473819e+17
1.1291821350928986,2.5642730203920458e+17
1.1302114715879696,2.93762931769043e+17
1.131242686434309,2.5514621182513754e+17
1.1322757847780847,2.631484597085234e+17
1.1333107717842803,2.7176888974172973e+17
1.1343476526367817,2.5669374799717702e+17
1.135386432538464,2.9104918597402886e+17
1.1364271167112765,2.938041167018269e+17
1.1374697103963325,2.7687534695524483e+17
1.138514218853997,2.8765021617227754e+17
1.139560647363973,2.9367229757646176e+17
1.1406090012253933,2.7996163342241088e+17
1.1416592857569083,2.730062677574599e+17
1.1427115062967768,2.912704599178234e+17
1.1437656682029544,2.832873369666211e+17
1.144821776853188,2.9193203092863104e+17
1.145879837645104,2.868551933306232e+17
1.146939855996302,2.8195736866505776e+17
1.148001837344447,2.890830743206573e+17
1.149065787147361,2.918053236494292e+17
1.1501317108831193,2.9031317193096186e+17
1.1511996140501417,2.900081562014374e+17
1.1522695021672886,2.9408727971190656e+17
1.1533413807739559,2.8274109197525642e+17
1.15441525543017,2.956646172884426e+17
1.1554911317166845,2.8634243124051942e+17
1.156569015235077,2.9108477785322e+17
1.1576489116078457,2.908196131907411e+17
1.158730826478507,2.8440499680855664e+17
1.1598147655116957,2.7492817736896874e+17
1.160900734393261,2.8965376056986394e+17
1.161988738830368,2.8921574340990336e+17
1.163078784551597,2.868933749803022e+17
1.164170877307045,2.916338700801597e+17
1.1652650228684234,2.9208964175656006e+17
1.1663612270291652,2.8684337511222694e+17
1.1674594956045221,2.907374114801923e+17
1.1685598344316708,2.8464056214263542e+17
1.1696622493698137,2.9050515654149555e+17
1.1707667463002855,2.8187179090165757e+17
1.1718733311266565,2.898881090307743e+17
1.1729820097748371,2.9205893044504205e+17
1.1740927881931842,2.919240793171137e+17
1.1752056723526092,2.919871056088573e+17
1.1763206682466818,2.902352796922931e+17
1.1774377818917403,2.906141032016642e+17
1.1785570193269987,2.9066146117730355e+17
1.1796783866146552,2.916010166186184e+17
1.1808018898400023,2.9048743777395846e+17
1.1819275351115373,2.9155176145586157e+17
1.1830553285610712,2.923684968432478e+17
1.184185276343842,2.8896463709441824e+17
1.1853173846386258,2.8381594463276957e+17
1.1864516596478492,2.9057379922829965e+17
1.1875881075977035,2.913805762014374e+17
1.1887267347382575,2.891896455171943e+17
1.1898675473435725,2.9126643636791405e+17
1.1910105517118181,2.903049894708619e+17
1.192155754165387,2.894098045289725e+17
1.193303161051013,2.905613632369448e+17
1.1944527787398869,2.877206365604332e+17
1.1956046136277751,2.8826181712693754e+17
1.1967586721351375,2.904039283025837e+17
1.197914960707249,2.8967634461158234e+17
1.199073485814316,2.87885914079115e+17
1.2002342539515998,2.8532833037529994e+17
1.2013972716395374,2.8941390619351616e+17
1.2025625454238626,2.883375663765732e+17
1.2037300818757306,2.887993549631183e+17
1.2048998875918393,2.8616733796680768e+17
1.206071969194555,2.884700567231992e+17
1.2072463333320376,2.8727718611978144e+17
1.2084229866783651,2.877851152797701e+17
1.209601935933661,2.8739045189322576e+17
1.2107831878242212,2.8371632320587027e+17
1.2119667491026418,2.8468122147719696e+17
1.2131526265479475,2.8163674958913408e+17
1.2143408269657223,2.8568116233408554e+17
1.215531357188238,2.8368780711342653e+17
1.2167242240745852,2.7873424068442957e+17
1.217919434510808,2.881220501828481e+17
1.2191169954100323,2.828918540327249e+17
1.2203169137126009,2.8520508178972128e+17
1.2215191963862095,2.8309004253751245e+17
1.2227238504260378,2.872154806058412e+17
1.223930882854889,2.8513412178984515e+17
1.2251403007233228,2.8475764271409117e+17
1.2263521111097948,2.854541764233724e+17
1.2275663211207946,2.8318982358143082e+17
1.2287829378909838,2.8254553083784672e+17
1.2300019685833359,2.8447170132210416e+17
1.2312234203892778,2.8385808357550086e+17
1.2324473005288297,2.7715978859818205e+17
1.233673616250749,2.6435289441112704e+17
1.234902374832672,2.7965622261746835e+17
1.236133583581259,2.830412778831861e+17
1.2373672498323378,2.7979373437004426e+17
1.2386033809510517,2.851266743937737e+17
1.2398419843320025,2.8080551561759194e+17
1.241083067399402,2.8116218476982176e+17
1.242326637607217,2.804236341493273e+17
1.2435727024393206,2.7987928702309574e+17
1.2448212694096412,2.8246401012849933e+17
1.2460723460623142,2.8266998661212288e+17
1.2473259399718335,2.8268787735997046e+17
1.248582058743205,2.7560973451202394e+17
1.2498407100120994,2.798196388274746e+17
1.2511019014450075,2.799068510033059e+17
1.2523656407393964,2.7122036763185424e+17
1.2536319356238652,2.7647950216352707e+17
1.254900793858302,2.704257532595122e+17
1.2561722232340453,2.7128416775698176e+17
1.2574462315740393,2.7460166049519638e+17
1.2587228267329975,2.5118752339652448e+17
1.2600020165975638,2.6804813238476637e+17
1.2612838090864726,2.426451882190482e+17
1.2625682121507156,2.5031433593605325e+17
1.263855233773703,2.5704818852087098e+17
1.265144881971431,2.1760067893343235e+17
1.2664371647926482,2.2876473989544842e+17
1.2677320903190212,2.1992497882418163e+17
1.2690296666653045,2.2750945894427648e+17
1.270329901979511,2.0336184860294538e+17
1.2716328044430796,2.089995603036954e+17
1.2729383822710498,2.032322546531896e+17
1.2742466437122328,2.1349466292010858e+17
1.2755575970493855,2.409811984905369e+17
1.2768712505993847,2.4927096305060803e+17
1.2781876127134049,2.2119048190217875e+17
1.2795066917770928,2.3820632500596e+17
1.2808284962107463,2.2576185254620787e+17
1.282153034469496,1.7385366471720515e+17
1.2834803150434808,1.734027038821367e+17
1.2848103464580336,1.73200424398219e+17
1.2861431372738616,1.572873527983885e+17
1.28747869608723,1.7254638466920035e+17
1.2888170315301481,1.5060628907541488e+17
1.2901581522705543,1.5668470912285136e+17
1.2915020670125026,1.4255977878205611e+17
1.292848784496353,1.2639026717002122e+17
1.294198313498959,1.5512193796114064e+17
1.2955506628338584,9.107097773200581e+16
1.2969058413514671,1.0996038659787376e+17
1.2982638579392698,1.1388771033668378e+17
1.2996247215220154,1.4097163493816838e+17
1.3009884410619126,1.140100801244841e+17
1.3023550255588263,8.904492029991326e+16
1.3037244840504758,1.5911487845127405e+17
1.3050968256126343,4.854171532433251e+16
1.3064720593593284,1.6141327708113254e+17
1.3078501944430407,8.963262497861419e+16
1.3092312400549129,1.2072549000019906e+17
1.31061520542495,6.3279135297377784e+16
1.3120020998222248,1.189993619475642e+17
1.3133919325550873,9.217805094429664e+16
1.3147847129713708,8.95088698358748e+16
1.3161804504586017,1.2962299119301538e+17
1.317579154444211,1.1865169552764502e+17
1.3189808343957474,1.497721423746653e+17
1.320385499821089,1.2636813756456314e+17
1.3217931602686595,6.35403476100312e+16
1.3232038253276441,5.161649448693049e+16
1.3246175046282078,5.083211509496019e+16
1.326034207841714,7.862430551282213e+16
1.327453944680945,4.500535388299644e+16
1.3288767249003244,7.73590905617601e+16
1.3303025582961403,9.330584805187565e+16
1.3317314547067696,1.2627508870858002e+17
1.333163424012906,1.3285443076082755e+17
1.3345984761377854,1.6860356493247738e+17
1.3360366210474166,1.7964720851780726e+17
1.3374778687508118,2.3832484834132698e+17
1.338922229300219,2.1237848443282726e+17
1.340369712791354,2.1408846805845978e+17
1.3418203293636393,2.164378388816015e+17
1.3432740892004362,2.225268130639395e+17
1.344731002529287,2.08712083325997e+17
1.3461910796221526,2.315700961810862e+17
1.347654330795655,2.2023441104545734e+17
1.3491207664113196,2.179539415214131e+17
1.35059039687582,1.7468414426070992e+17
1.352063232641224,2.139949156252106e+17
1.353539284205243,1.6882337861152128e+17
1.3550185621114783,1.9766772599916416e+17
1.3565010769496744,1.8210818183462826e+17
1.3579868393559722,1.820240590397096e+17
1.359475860013161,1.986803979845856e+17
1.3609681496509358,1.9210895903938112e+17
1.3624637190461568,1.7915554617755846e+17
1.363962579023105,2.0100787322896176e+17
1.3654647404537474,1.856913650214623e+17
1.3669702142579963,1.812673429863275e+17
1.3684790114039764,2.1892305955531155e+17
1.3699911429082903,2.2974060216979072e+17
1.371506619836286,2.3655384270713475e+17
1.3730254533023283,1.927815262656113e+17
1.3745476544700694,1.8623296555504234e+17
1.376073234552722,1.667914818347488e+17
1.377602204813336,2.0550640753683907e+17
1.3791345765650753,1.518148397410154e+17
1.3806703611714952,1.974003280293083e+17
1.3822095700468258,1.825963152807843e+17
1.3837522146562529,2.081408134255369e+17
1.385298306516204,2.2109968344337312e+17
1.3868478571946339,2.3038865435789078e+17
1.3884008783113129,2.3539635277208314e+17
1.3899573815381194,2.4404694123363917e+17
1.3915173785993293,2.4772755746484598e+17
1.393080881271913,2.4638775286956195e+17
1.3946479013858297,2.4830535392202877e+17
1.3962184508243272,2.442215224942297e+17
1.3977925415242418,2.4028049576106394e+17
1.3993701854763008,2.386667342008474e+17
1.4009513947254264,2.4742287076162746e+17
1.4025361813710437,2.4362875682050016e+17
1.4041245575673869,2.4178258789345146e+17
1.4057165355238124,2.4177832281435754e+17
1.4073121275051108,2.3478212878283616e+17
1.4089113458318212,2.4192753072340397e+17
1.410514202880549,2.403040248503202e+17
1.4121207110842855,2.4350535113795738e+17
1.4137308829327282,2.4360819645879782e+17
1.4153447309726055,2.4189422254996573e+17
1.416962267808003,2.3448145823919235e+17
1.4185835061006895,2.3705875919797472e+17
1.4202084585704495,2.4042785787052813e+17
1.4218371379954158,2.4199325979231693e+17
1.4234695572124025,2.3789921026561296e+17
1.4251057291172444,2.404549754215301e+17
1.4267456666651352,2.3514774301545322e+17
1.4283893828709706,2.3669480946712765e+17
1.4300368908096917,2.2509727276113222e+17
1.431688203616631,2.080120616390633e+17
1.4333433344878643,2.3516094690546266e+17
1.4350022966805587,2.3819328252888e+17
1.4366651035133284,2.4252915090817382e+17
1.4383317683665922,2.402124788065053e+17
1.4400023046829296,2.375140883825589e+17
1.4416767259674448,2.3698705221352483e+17
1.4433550457881288,2.369771366069219e+17
1.4450372777762268,2.3618381265844733e+17
1.4467234356266077,2.3526950990714442e+17
1.4484135330981338,2.3007674841473677e+17
1.450107584014038,2.1506734902556794e+17
1.451805602262298,1.997825869216765e+17
1.4535076017960171,2.2564260896757315e+17
1.4552135966338058,2.2585944356616707e+17
1.4569236008601676,2.2634629288567526e+17
1.4586376286258853,2.0671321267514544e+17
1.4603556941484128,2.2722152086109037e+17
1.4620778117122673,2.2781353153882947e+17
1.4638039956694247,2.2685310287017062e+17
1.4655342604397192,2.3219677620402486e+17
1.4672686205112455,2.3083295493069395e+17
1.4690070904407613,2.2319886834673936e+17
1.4707496848540955,2.266315711876333e+17
1.4724964184465588,2.2398393666072666e+17
1.4742473059833563,2.2612125425483328e+17
1.4760023623000031,2.2651405895657846e+17
1.4777616023027444,2.224903720082225e+17
1.4795250409689769,2.2122266295210432e+17
1.481292693347673,2.2259345918395178e+17
1.4830645745598119,2.1383028972832477e+17
1.4848406997988053,2.1964005045684458e+17
1.4866210843309384,2.03991978740247e+17
1.4884057434958016,2.07985701869345e+17
1.490194692706734,1.9399962311470477e+17
1.4919879474512665,1.9960365487397203e+17
1.4937855232915693,1.9717521825694374e+17
1.4955874358649006,1.992508481439899e+17
1.497393700884061,1.8178572650823546e+17
1.4992043341378507,2.0939365581722416e+17
1.5010193514915287,1.979993546253191e+17
1.502838768887276,2.046269870401421e+17
1.5046626023446632,1.9676675781518125e+17
1.506490867961121,1.4163292792708882e+17
1.508323581912412,1.9863447106629754e+17
1.5101607604531089,2.073721630773849e+17
1.512002419917076,1.788709567529056e+17
1.513848576717952,1.870168008538499e+17
1.5156992473496365,1.695647937677019e+17
1.5175544483867842,1.7488889051318426e+17
1.5194141964852974,1.7024780969528886e+17
1.5212785083828253,1.8227441358417382e+17
1.523147400899266,1.832554946160025e+17
1.5250208909372724,2.0342868839409427e+17
1.5268989954827619,2.062570715252063e+17
1.5287817316054286,2.106744175095736e+17
1.5306691164592623,2.103599923900178e+17
1.5325611672830688,2.0929161681283338e+17
1.5344579014009931,2.138518358782799e+17
1.5363593362230514,2.137758099387554e+17
1.5382654892456606,2.1519312254552522e+17
1.5401763780521773,2.0602669034463994e+17
1.5420920203134358,2.098643142523761e+17
1.5440124337882972,2.066350848189551e+17
1.5459376363241928,2.0968023527269597e+17
1.5478676458576812,2.0862143192697955e+17
1.5498024804150032,2.0551480015386336e+17
1.551742158112644,2.081023063140514e+17
1.553686697157898,2.1138665466267363e+17
1.5556361158494385,2.067284951825314e+17
1.5575904325778924,2.0270549397787142e+17
1.5595496658264183,2.0535970937224486e+17
1.561513834171288,2.0529709658522938e+17
1.5634829562824748,2.027810859975844e+17
1.5654570509242458,2.0340672658748227e+17
1.5674361369557555,2.045462368119513e+17
1.5694202333316487,2.0108892108380333e+17
1.5714093591026648,2.0658832370324102e+17
1.5734035334162468,2.065984979407783e+17
1.5754027755171571,2.084056540838365e+17
1.5774071047480949,2.1009648133103488e+17
1.5794165405503218,2.091581184247944e+17
1.581431102464289,2.0744019736266512e+17
1.5834508101302713,2.0801182856373715e+17
1.5854756832890058,2.0803137051822288e+17
1.5875057417823337,2.06228512290456e+17
1.5895410055538493,2.0591905972601264e+17
1.5915814946495541,2.0735460182939462e+17
1.5936272292185123,2.0562018810983443e+17
1.5956782295135168,2.0501879400331936e+17
1.597734515891756,2.054235497240871e+17
1.5997961088154873,2.041390092200661e+17
1.6018630288527165,2.0333098595173744e+17
1.6039352966778817,2.0248763694530195e+17
1.6060129330725421,2.0179620889148195e+17
1.6080959589260737,1.9941267902840266e+17
1.610184395236367,1.9734020106950006e+17
1.6122782631105363,1.9105147611158022e+17
1.6143775837656285,1.8800805897936525e+17
1.6164823785293385,1.641062000358018e+17
1.6185926688407344,1.3701480654782328e+17
1.6207084762509838,1.1520542015573651e+17
1.6228298224240874,9.03247943185468e+16
1.6249567291376181,6.351596492606615e+16
1.627089218283468,1.1406016891629144e+17
1.6292273118685974,2.5638727834516636e+16
1.6313710320157928,4.40530409071698e+16
1.6335204009644302,1.9408048987611677e+17
1.6356754410712433,1.9886695550444026e+17
1.6378361748110999,1.9684797913072653e+17
1.6400026247777812,1.9622679203327338e+17
1.6421748136847718,1.978256376664515e+17
1.6443527643660512,1.975975722867108e+17
1.6465364997768959,1.943334094799438e+17
1.6487260429946842,1.9450987145786166e+17
1.6509214172197104,1.9302981659965552e+17
1.6531226457760035,1.9309908958442246e+17
1.655329752112153,1.92549514557279e+17
1.6575427598021424,1.9240804634727853e+17
1.6597616925461882,1.927544119593729e+17
1.6619865741715854,1.9184647982492957e+17
1.6642174286335605,1.9146216077317632e+17
1.6664542800161322,1.907590927046374e+17
1.668697152532978,1.8845875123945408e+17
1.6709460705283052,1.8385064674668096e+17
1.6732010584777361,1.8300919629058045e+17
1.6754621409891928,1.8294385168146845e+17
1.6777293428037925,1.7787711295382326e+17
1.6800026887967514,1.8252534285242083e+17
1.682282203978294,1.7843605749548618e+17
1.6845679134945688,1.7796971487392278e+17
1.6868598426285748,1.7897033413610374e+17
1.6891580168010933,1.808098422305018e+17
1.691462461571627,1.743151735301165e+17
1.6937732026393477,1.6753513965157168e+17
1.6960902658440529,1.5495746888209462e+17
1.698413677167127,1.62595931079856e+17
1.700743462732514,1.502299518658727e+17
1.7030796488076958,1.4877445189158323e+17
1.7054222618046802,1.5443392567158326e+17
1.7077713282809952,1.5325372840298966e+17
1.7101268749406933,1.4659154198029514e+17
1.7124889286353626,1.483957500332e+17
1.714857516365149,1.5994274993017238e+17
1.7172326652797818,1.7239160813519958e+17
1.7196144026796154,1.506097642810757e+17
1.7220027560166702,1.3630359219429942e+17
1.7243977528956922,1.2718538472416538e+17
1.7267994210752124,1.4108178929328755e+17
1.7292077884686228,1.508752527892484e+17
1.7316228831452551,1.7210867896346378e+17
1.7340447333314721,1.6960759114811034e+17
1.7364733674117683,1.7473473831941565e+17
1.7389088139298774,1.7247099657759562e+17
1.7413511015898915,1.7375411573073507e+17
1.7438002592573876,1.741613428862205e+17
1.7462563159605669,1.7371816237786637e+17
1.7487193008914002,1.7191432849233226e+17
1.7511892434067833,1.7059713078575594e+17
1.7536661730297065,1.703918384186595e+17
1.7561501194504288,1.7038423939219366e+17
1.7586411125276633,1.7057180302707334e+17
1.7611391822897764,1.6807613181888758e+17
1.7636443589359923,1.6317124967092915e+17
1.7661566728376104,1.6153480277093914e+17
1.7686761545392335,1.6069161381053274e+17
1.7712028347600037,1.6205213667723955e+17
1.7737367443948535,1.6253733032697085e+17
1.776277914515763,1.6515460486753613e+17
1.778826376373031,1.6705800246113658e+17
1.7813821613965553,1.576061471982893e+17
1.783945301197126,1.5726854809950474e+17
1.786515827567727,1.5360488587264106e+17
1.7890937724848521,1.5467152745734096e+17
1.7916791681098303,1.5494475106511712e+17
1.794272046790163,1.5005410069443232e+17
1.7968724410608732,1.4333459955915928e+17
1.7994803836458673,1.3625798288616126e+17
1.8020959074593061,1.348060780508964e+17
1.8047190456069908,1.162288823151162e+17
1.8073498313877587,1.5957416241550243e+17
1.8099882982948943,1.625314855562549e+17
1.8126344800175476,1.617037662208334e+17
1.8152884104421707,1.620434374743829e+17
1.8179501236539628,1.630843782242929e+17
1.82061965393833,1.615858310940775e+17
1.8232970357823568,1.615006195240509e+17
1.8259823038762921,1.605222413523962e+17
1.8286754931150482,1.6118074522809808e+17
1.8313766385997083,1.5961190139671418e+17
1.834085775639057,1.6037317118553827e+17
1.836802939751115,1.57826876402442e+17
1.8395281666646923,1.5840694537204643e+17
1.8422614923209548,1.5792569472934275e+17
1.8450029528750036,1.558797152955839e+17
1.8477525846974703,1.573683149859674e+17
1.8505104243761232,1.5695886322125053e+17
1.8532765087174925,1.5843325819890586e+17
1.8560508747485072,1.5503703216121005e+17
1.858833559718145,1.5382371264275184e+17
1.861624601099103,1.542483706163024e+17
1.8644240365894775,1.5368594617989315e+17
1.8672319041144618,1.5033104821280234e+17
1.870048241828058,1.4837489226046448e+17
1.8728730881148072,1.4745715298565334e+17
1.875706481591532,1.4796255789141462e+17
1.8785484611090948,1.4787569212654365e+17
1.8813990657541768,1.462516923466244e+17
1.884258334851068,1.4505481394806637e+17
1.8871263079634744,1.291720266066095e+17
1.8900030248963455,1.2295515107589203e+17
1.8928885256977137,1.3942865401562837e+17
1.8957828506605545,1.4545799050183402e+17
1.8986860403246593,1.4640848317142205e+17
1.9015981354785314,1.4132539075626859e+17
1.9045191771612944,1.4642280063788397e+17
1.9074492066646196,1.3714083849115688e+17
1.9103882655346724,1.35787407149405e+17
1.9133363955740779,1.394804479329841e+17
1.916293638843899,1.4014433070145485e+17
1.9192600376656386,1.4007565210464437e+17
1.9222356346232596,1.4349007014019544e+17
1.9252204725652216,1.4178262467129648e+17
1.9282145946065359,1.4172764600930453e+17
1.931218044130845,1.3961699843329142e+17
1.9342308647925155,1.3869825388939202e+17
1.9372531005187543,1.3796498182991138e+17
1.940284795511741,1.4024322180558171e+17
1.9433259942507874,1.4015522656417934e+17
1.9463767414945097,1.3857367722966698e+17
1.949437082283023,1.3336784997651394e+17
1.9525070619401614,1.3582744110233942e+17
1.9555867260757138,1.3355188208564904e+17
1.958676120587682,1.3501149638792619e+17
1.961775291664561,1.2634718194747856e+17
1.9648842857876427,1.3056327818277406e+17
1.9680031497333377,1.2781146443374878e+17
1.9711319305755208,1.2891144102844718e+17
1.974270675687902,1.2397339256059008e+17
1.9774194327464159,1.3032785350921638e+17
1.9805782497316335,1.2604977597116302e+17
1.9837471749312041,1.255656217949209e+17
1.9869262569423118,1.2579255660615611e+17
1.9901155446741616,1.2560110750759597e+17
1.9933150873504863,1.2586685417951803e+17
1.9965249345120815,1.2989896160500462e+17
1.999745136019359,1.2869183205372102e+17
2.0029757420549315,1.2800272305746008e+17
2.0062168031262178,1.2677001465151782e+17
2.0094683700680753,1.2153970668183189e+17
2.0127304940454587,1.2248720544068373e+17
2.016003226556102,1.2517835572426064e+17
2.019286619433229,1.2014199280740886e+17
2.022580724848291,1.2328767422911224e+17
2.0258855953137296,1.2443501449277888e+17
2.029201283685765,1.2197373837051432e+17
2.032527843167217,1.2199330659677418e+17
2.0358653273103493,1.218987183706672e+17
2.039213790019741,1.2221179066206294e+17
2.0425732855551937,1.2199115584805387e+17
2.045943868534658,1.2065731328533786e+17
2.0493255939371946,1.2064542023654512e+17
2.0527185171059643,1.2023604957467664e+17
2.0561226937512482,1.1755666879809309e+17
2.059538179953493,1.1451905252371762e+17
2.0629650321663937,1.1566806592656187e+17
2.0664033072200043,1.1645103275871594e+17
2.0698530623238773,1.1470913018818096e+17
2.0733143550702384,1.1410953716103197e+17
2.07678724343719,1.1492896971836931e+17
2.080271785791951,1.139827766527873e+17
2.083768040894122,1.1007441172078274e+17
2.087276067898994,1.1087339550761774e+17
2.0907959263608813,1.1079698053739771e+17
2.094327676236491,1.0867052357098326e+17
2.097871377888329,1.1039213211938315e+17
2.10142709208814,1.027028851773139e+17
2.104994880020378,9.609181001659962e+16
2.108574803285719,1.1063458849420896e+17
2.112166923904604,1.1257587429941531e+17
2.1157713043208233,1.0955852277602482e+17
2.119388007405133,1.1166483422224189e+17
2.1230170964589083,1.1196658450455709e+17
2.126658635217843,1.1160963129202322e+17
2.1303126878556746,1.098916737126711e+17
2.133979318987956,1.0764596820161266e+17
2.1376585936758663,1.0659200019427429e+17
2.1413505774300563,1.0426834118989283e+17
2.1450553362145373,1.0223933962579522e+17
2.148772936450611,1.049231274429267e+17
2.152503445020838,1.0178692767081029e+17
2.156246929273048,1.0208363917333371e+17
2.160003457024395,1.0387094821897867e+17
2.1637730965654494,1.0384844713634294e+17
2.1675559166643406,1.0284215951718976e+17
2.1713519865709325,9.68309925403612e+16
2.175161376021057,9.95564681247412e+16
2.178984155240778,9.894364706809774e+16
2.182820394950709,1.0084849406970346e+17
2.1866701663703747,1.011975316295758e+17
2.190533541222619,9.440518874123851e+16
2.194410591738058,9.926629082806965e+16
2.198301390659579,9.80918332284624e+16
2.202206011246896,9.949111103003808e+16
2.206124527281143,9.531506676752309e+16
2.2100570130695236,9.953856991212986e+16
2.2140035434500045,9.353811993925734e+16
2.217964193796069,9.138539125628619e+16
2.22193904002151,9.603142433309157e+16
2.2259281585852833,9.346722370091462e+16
2.2299316264964073,9.526771974817522e+16
2.2339495213189235,9.636497255280002e+16
2.2379819211769,9.528581353665739e+16
2.2420289047594983,9.292368089360864e+16
2.2460905513260916,9.508389971961974e+16
2.2501669407114386,9.263908459277533e+16
2.254258153330914,9.219641016146088e+16
2.258364270185797,9.239316108184883e+16
2.262485372868618,8.90761284553254e+16
2.2666215435685606,9.1154486027663e+16
2.270772865076928,8.945923969409547e+16
2.274939420792665,8.976390661481549e+16
2.279121294727946,9.132319996440347e+16
2.2833185715138167,8.771319650190981e+16
2.287531336405909,8.865820491009222e+16
2.291759675290208,8.097424291321965e+16
2.296003674688894,8.372918711635309e+16
2.3002634217662385,8.620230011388282e+16
2.3045390043345773,8.786047795180366e+16
2.30883051086034,8.317767995297738e+16
2.313138030470154,8.93602357003776e+16
2.317461652957014,8.518645417105432e+16
2.321801468786522,8.341129087293666e+16
2.326157569103194,7.740415718759653e+16
2.3305300457368467,8.616404781564914e+16
2.3349189912090442,8.722316876145411e+16
2.3393244987396273,8.219768279117192e+16
2.343746662253313,8.500310266714515e+16
2.3481855763863684,8.073275045892171e+16
2.3526413364933636,7.009494831875321e+16
2.3571140386539975,7.964744245143026e+16
2.3616037796800047,8.1426681177577e+16
2.3661106571221424,8.156398265887853e+16
2.3706347692772516,7.537074923775371e+16
2.375176215195407,7.946700985721091e+16
2.379735094687145,7.724261312062699e+16
2.384311508330774,7.621065478050638e+16
2.3889055574797737,6.937472617307205e+16
2.393517344270275,7.1135937305747304e+16
2.398146971628632,6.181472019243501e+16
2.4027945432790747,7.538586952405432e+16
2.407460163751461,7.423299649306632e+16
2.41214393838911,7.169516169400745e+16
2.4168459733567302,7.2779485248943e+16
2.4215663756484425,7.697598739345155e+16
2.426305253095895,7.45104304612835e+16
2.431062714376476,7.269502750288426e+16
2.435838869021616,7.41583484797074e+16
2.4406338274252017,7.03154699153842e+16
2.4454477008520756,7.1689573223380504e+16
2.4502806014466456,7.444867729714139e+16
2.455132642241589,7.110597571940867e+16
2.4600039371666718,6.5922897440446984e+16
2.4648946010576593,7.0259326397331e+16
2.469804749665344,6.6728392574195e+16
2.4747344996646756,6.6325305291155864e+16
2.479683968664005,6.796415975569295e+16
2.484653275214434,6.774889867358193e+16
2.4896425388192824,6.730228876874033e+16
2.494651879943667,6.872699730994189e+16
2.499681420024199,6.712389454995654e+16
2.5047312814787928,7.0116707478290104e+16
2.509801587716604,6.560053622960045e+16
2.5148924631480787,6.674521601373436e+16
2.5200040331951277,6.198298746045489e+16
2.525136424301431,6.457123251399488e+16
2.530289763942862,6.6723588524573304e+16
2.5354641806380425,5.930830085383482e+16
2.540659803959022,6.253135250422836e+16
2.5458767645420997,5.737831446561229e+16
2.551115194098771,5.088723183709485e+16
2.5563752254268097,6.23347751461245e+16
2.5616569924214927,6.21111179783657e+16
2.5669606300869616,6.287069561043131e+16
2.5722862745477233,6.319483709543968e+16
2.5776340630602963,6.251765959963758e+16
2.583004134025005,6.207915275487986e+16
2.588396626997918,6.062546455768466e+16
2.5938116827029343,6.136847456639465e+16
2.5992494430440307,5.901433352167997e+16
2.6047100511176526,5.823670209440879e+16
2.6101936512252686,5.985471298463441e+16
2.6157003888860815,5.752732636310269e+16
2.6212304108499,5.647651653734136e+16
2.6267838651101747,5.832643281719145e+16
2.6323609009172033,5.504615857801944e+16
2.637961668791495,5.374358388503434e+16
2.643586320537319,5.548722344624008e+16
2.6492350092564156,5.484587776915777e+16
2.65490788936189,5.217101078615509e+16
2.6606051165922806,5.419503169715001e+16
2.666326848025812,5.2683400187089144e+16
2.672073242094833,5.2952655817061336e+16
2.677844458600438,5.42109178859657e+16
2.6836406587272785,5.3620183553270024e+16
2.689462005058574,5.2727774009020696e+16
2.69530866159131,5.055160198692244e+16
2.70118079375164,5.0489629285236744e+16
2.707078568410486,5.049971948429625e+16
2.7130021538993487,5.120436258471533e+16
2.718951720026322,5.038772417417716e+16
2.7249274380923136,4.840088118621169e+16
2.730929480907495,4.836741657370183e+16
2.736958022807953,4.4742109665399976e+16
2.743013239672572,4.807596452015676e+16
2.749095308940139,4.982104294528492e+16
2.755204409626672,4.765890397892134e+16
2.7613407223429904,4.560712927513306e+16
2.7675044293125057,4.5350543471059064e+16
2.7736957143892678,4.444917293869813e+16
2.779914763076239,3.878072113701705e+16
2.786161762543826,4.290704263011146e+16
2.7924369016486543,4.100140433846622e+16
2.7987403709526015,4.173455597315002e+16
2.8050723627420875,4.081095121677981e+16
2.8114330710476247,3.781486293225235e+16
2.8178226916636424,3.802166984871989e+16
2.824241422168571,3.2892954122576136e+16
2.830689461945211,3.3902038231798292e+16
2.837167012201379,3.8309829668790264e+16
2.8436742759908316,3.722295001728306e+16
2.850211458234489,3.365535457639031e+16
2.8567787657419412,3.042095211477823e+16
2.863376407233262,3.2649391980029064e+16
2.8700045933611174,3.4790423483840224e+16
2.8766635367331843,2.0733205156874348e+16
2.8833534519348896,2.2640754980089348e+16
2.8900745555524536,2.8135530683026696e+16
2.8968270661962676,3.0122716091374636e+16
2.903611204524596,2.957224842804246e+16
2.9104271932676116,3.0343380777627068e+16
2.9172752572517706,3.095461787876062e+16
2.9241556234245345,2.9767907143880692e+16
2.9310685208794385,2.96650330393643e+16
2.9380141808815226,3.0360785104053492e+16
2.9449928368931175,3.0500241994507348e+16
2.9520047246000063,2.6612526100823948e+16
2.9590500819379537,2.877853926943762e+16
2.9661291491196238,2.739808083510759e+16
2.973242168661877,2.8379587934616156e+16
2.980389385413468,2.8829502459826156e+16
2.9875710465831387,2.7734367175317704e+16
2.994787401768122,2.6544703509112724e+16
3.0020387029830573,2.658649891912926e+16
3.0093252046893264,2.745441350355957e+16
3.016647163824824,2.55873158494565e+16
3.024004839834152,2.2641786991823412e+16
3.031398494699273,2.63120561398174e+16
3.038828392970595,2.4401796310007516e+16
3.046294801798532,2.314344921832604e+16
3.0537979909655237,2.333549143731381e+16
3.0613382329185246,2.369511500321921e+16
3.0689158028019863,2.4055493572257188e+16
3.0765309784913213,2.344200816644848e+16
3.0841840406268717,2.410568677173649e+16
3.0918752726483856,2.29585824484292e+16
3.0996049608300065,2.182525433966916e+16
3.103484316225288,2.1482296698273268e+16
3.107373394315796,2.0738382293943708e+16
3.111272231698877,1.9430772425541156e+16
3.115180865155785,1.6368389284892928e+16
3.1190993316528366,1.2024284294420226e+16
3.123027668342576,8099794616040842.0
3.1269659125649496,1.0402527977517118e+16
3.1309141018484916,1.4231562213379196e+16
3.134872273911511,1.610130946787859e+16
3.1388404666632974,1.5038128175027678e+16
3.1428187182053295,1.266647277208874e+16
3.1468070668324937,9133922437568308.0
3.1508055510343143,6994355000306537.0
3.1548142094961897,8749583896647898.0
3.1588330811006435,1.2020601272650436e+16
3.162862204928578,1.4345892539738356e+16
3.1669016202605427,1.5499775695440482e+16
3.1709513665780116,1.5201881721390672e+16
3.1750114835646674,1.427419680712336e+16
3.1790820111076985,1.4079501350242724e+16
3.1831629892991082,1.3348824379781112e+16
3.1872544584370246,1.1979135029120576e+16
3.1913564590270336,1.0974714706866648e+16
3.195469031783512,1.0992635921436498e+16
3.1995922176309746,1.104020465681755e+16
3.203726057705433,1.1141549615640172e+16
3.2078705933557634,1.0982380308897732e+16
3.2120258661450842,1.0504536961644168e+16
3.2161919178521474,1.0827805146618508e+16
3.220368790472734,1.126976411283386e+16
3.2245565262210727,1.0210599994805496e+16
3.228755167531257,8435026995565850.0
3.232964757058677,7249974993766903.0
3.2371853376814688,7447488352712663.0
3.2414169525019676,8262035679905044.0
3.2456596448481747,9496461160713608.0
3.2499134582752363,1.1077238750611428e+16
3.254178436566936,1.2221438143005004e+16
3.2584546237371947,1.1943445626150288e+16
3.2627420640315856,1.1084332204708514e+16
3.2670408019288604,1.0486728811168928e+16
3.2713508821424866,1.16303393771359e+16
3.2756723496221998,1.296614529680425e+16
3.2800052495555625,1.3226668232783692e+16
3.2843496273695436,1.2207926518392784e+16
3.2887055287321023,1.0881094182537164e+16
3.2930729995537917,1.0084621108806452e+16
3.2974520859893683,1.019126399300634e+16
3.301842834439421,9784345011489578.0
3.306245291552007,8797416718880472.0
3.310659504224306,8196704536603999.0
3.3150855196042848,8209797976870817.0
3.3195233850923764,8183473267420826.0
3.3239731483431707,9025305630372120.0
3.328434857267121,9315606206770128.0
3.3329085600322643,9720637234092160.0
3.337394305065956,1.0322888054205118e+16
3.3418921410566105,9875088644950966.0
3.3464021169554723,9663820599393600.0
3.3509242819783855,1.0625929760966308e+16
3.355458685607585,1.0416994998134082e+16
3.360005377593503,9637906046271204.0
3.364564407956588,9164393342812214.0
3.3691358269891376,9170240026800194.0
3.3737196852571496,9681463181506802.0
3.3783160336021867,9808183309611042.0
3.382924923143254,9933054574586746.0
3.3875464052786954,9855429769332236.0
3.3921805316881057,9141431201706952.0
3.396827354334254,8254973623529214.0
3.401486925465028,7900392181422180.0
3.4061592976153916,7925300649898065.0
3.4108445236093603,7604452683201145.0
3.4155426565619904,7769464360542593.0
3.4202537498813865,7505116838279326.0
3.4249778572707252,6808823222669668.0
3.429715032730298,6453988423319234.0
3.4344653305595636,6547778946523326.0
3.439228805359231,7070176307550423.0
3.4440055120333404,7433501442217463.0
3.4487955057913844,6982451059632172.0
3.453598842150425,5757987975561746.0
3.4584155769372456,4863672778016663.0
3.4632457662905103,5204394760481603.0
3.4680894666629443,5556251481980556.0
3.4729467348235366,5454825994203446.0
3.477817627859755,6161912311595023.0
3.482702203179783,6526587678326268.0
3.487600518514775,6909757149577111.0
3.4925126319211337,7109888819087428.0
3.4974386017828003,7062343357876816.0
3.5023784868135666,6938839079799472.0
3.507332346059413,6519909177217569.0
3.5123002389008575,5889329448592859.0
3.5172822250553266,5504920751209472.0
3.522278364579553,5786117172802526.0
3.5272887178719845,5887396995777840.0
3.5323133456752207,6075639978568268.0
3.537352309078467,6201466874263869.0
3.5424056695200075,5729655782117979.0
3.547473488789707,5151660968899384.0
3.552555829031526,4981839431168550.0
3.557652752746062,5135751528216407.0
3.5627643227931105,5014772159507804.0
3.567890602394252,5000854952405707.0
3.573031655135454,5143347908074231.0
3.5781875449697043,5024696321065788.0
3.5833583362196606,4899542471375685.0
3.588544093580326,4983662274313677.0
3.5937448821217464,4644102382422323.0
3.5989607672917345,4057028318414834.5
3.6041918149186123,4190293882719869.5
3.6094380912139816,4812864433635227.0
3.6146996627755175,5055836136084236.0
3.6199765965897885,4942241334523346.0
3.625268960035095,4729786436437213.0
3.6305768208843414,4504027486801441.0
3.6359002473079256,4496991838336113.5
3.64123930787666,4756465708957281.0
3.6465940715647136,4733149085438564.0
3.6519646077525842,4424403015816945.0
3.6573509862300964,4286089221069075.5
3.6627532771994167,4181009126787201.5
3.668171551278114,3969976016335263.5
3.67360587950223,3657839842565497.0
3.6790563333293846,3382557663547063.5
3.6845229846419096,3418887076629844.5
3.690005905750007,3667658347495988.0
3.6955051693949406,3970394368468546.5
3.7010208487522465,4041663251292548.5
3.706553017434985,3865093125605214.0
3.7121017494970143,3604066371171455.5
3.71766711943629,3503866094847675.0
3.723249202198206,3637760707876501.5
3.728848073178955,3679907352833177.0
3.7344638082289237,3641489414089666.0
3.740096483656116,3495933266783713.5
3.7457461762296145,3362342315493084.5
3.751412963183064,3532990106253731.5
3.7570969222181896,3821795200681275.0
3.7627981315083536,3756806939112001.0
3.768516669702136,3368562600227375.5
3.7742526159269487,2975833092007990.5
3.780006049792691,2833029041465010.5
3.7857770513954274,3035739464732661.5
3.791565701321109,3099798708340208.0
3.7973720806493185,3131954444058934.0
3.803196270957063,2935557268575621.5
3.8090383543225887,2511513419249758.5
3.814898413329239,2160980120301342.5
3.820776531069345,2145888330043166.0
3.8266727911481557,2051053081881861.5
3.832587277687798,1841016381321194.8
3.838520075331277,1590313456681528.5
3.8444712692465193,1630197550852448.2
3.850440945130443,1653805282421042.5
3.8564291892130718,1729363327209878.2
3.86243608826169,1801483663893970.5
3.868461729585031,1778508353892020.8
3.8745062010375086,1500377160252960.8
3.880569591023482,1416019008504952.8
3.886651988501575,1446022974943209.8
3.8927534829890194,1312509126668829.8
3.898874164566046,1251041720071632.5
3.905014123880323,1295792748487989.5
3.9111734521514276,1203125830131621.8
3.917352241175364,1044227933256654.9
3.923550583329122,859533923753999.5
3.9297685715752855,826706091728239.5
3.9360062994666754,935133406968902.8
3.9422638611510417,890143705706306.1
3.948541351375804,820413635510572.6
3.9548388654928317,738098317193044.2
3.961156499463267,726155776764731.5
3.9674943498624082,666215483285872.4
3.9738525138846237,627655629572203.5
3.9802310893483233,566446955182580.4
3.9866301747009727,554392587031971.25
3.993049869024163,436095969330223.25
3.999490272038718,336583476081551.4
4.005951484109863,284953398681180.0
4.0124336062524355,267115001011069.75
4.018936740136151,271208836218188.5
4.025460988090917,246201086172178.53
4.032006453112204,229833656748897.1
4.038573238866458,179113355857560.38
4.045161449696582,135240461944542.78
4.051771190627459,118082965323644.86
4.05840256737153,117921839316824.14
4.065055686334434,102916012296304.08
4.071730654620699,74140456765562.95
4.078427580039482,58145736311019.04
4.085146571110387,54534605214045.52
4.091887737069316,42166356058266.234
4.098651187874389,24624954886930.836
4.105437034211929,16294360092855.107
4.1122453875024965,14690132381707.943
4.119076359906986,10178757756705.664
4.125930064332787,6302887151814.3955
4.132806614440009,5002426076793.349
4.139706124647755,4078086288717.5107
4.146628710140477,2205760275950.8184
4.15357448687438,1541039988988.5085
4.160543571583902,1195594226824.627
4.167536081788244,726046372259.3043
4.174552135797988,353015904588.92755
4.181591852721763,246723522303.20715
4.188655352472982,155181928862.94385
4.195742755776658,84030363571.17194
4.20285418417628,33612346088.70233
4.209989760040756,16557003830.459038
4.217149606571438,9756570747.999897
4.224333847809208,4834549897.989282
4.2315426086416466,1609592735.2432613
4.238776014810266,715473505.5802705
4.246034192917817,412333425.0050902
4.253317270435686,145073613.33868897
4.260625375711349,38986170.389451444
4.267958637975912,13241736.157216795
4.275317187351733,5095303.584165913
4.282701154860113,1513979.4665592148
4.2901106724290745,342803.64469239506
4.297545872901222,88382.64222633015
4.305006890041676,27216.829712709707
4.312493858546096,3533.174573959484
4.32000691404879,696.3411769463152
4.327546193130899,176.24444991197296
4.335111833328681,22.324324618853538
4.342703973141865,6.087275432689529
4.350322752042114,0.8459104058053679
4.357968310481556,0.20218073633585446
4.365640789901418,0.04635243514318541
4.373340332740749,0.0013520265552865326
4.381067082445238,0.0006225272359812271
4.388821183476116,0.00012148311928986651
4.396602781319158,2.5810477356805985e-05
4.404412022493792,2.4888174932583358e-06
4.412249054562286,5.5182738985927135e-08
4.420114026139047,9.782702266211034e-09
4.428007086900009,2.2604629705171377e-10
