0.309960496,1.85E+17
0.310348432,1.87E+17
0.310737339,1.90E+17
0.311127223,1.91E+17
0.311518087,1.89E+17
0.311909933,1.92E+17
0.312302767,1.95E+17
0.312696591,1.98E+17
0.31309141,1.95E+17
0.313487227,1.94E+17
0.313884047,1.91E+17
0.314281872,1.88E+17
0.314680707,1.84E+17
0.315080555,1.82E+17
0.315481421,1.74E+17
0.315883308,1.68E+17
0.31628622,1.70E+17
0.316690162,1.70E+17
0.317095137,1.73E+17
0.317501148,1.92E+17
0.317908201,1.91E+17
0.318316299,1.79E+17
0.318725446,1.64E+17
0.319135646,1.61E+17
0.319546903,1.55E+17
0.319959222,1.60E+17
0.320372606,1.73E+17
0.320787059,1.90E+17
0.321202587,1.87E+17
0.321619192,1.98E+17
0.322036879,2.05E+17
0.322455653,2.03E+17
0.322875517,2.06E+17
0.323296476,1.76E+17
0.323718534,2.19E+17
0.324141695,2.16E+17
0.324565964,2.19E+17
0.324991346,1.75E+17
0.325417844,1.85E+17
0.325845462,2.08E+17
0.326274206,2.20E+17
0.32670408,1.97E+17
0.327135088,1.71E+17
0.327567235,1.94E+17
0.328000525,2.10E+17
0.328434963,1.98E+17
0.328870553,1.99E+17
0.3293073,1.85E+17
0.329745209,1.91E+17
0.330184283,1.93E+17
0.330624529,1.99E+17
0.33106595,2.20E+17
0.331508552,1.88E+17
0.331952339,1.82E+17
0.332397315,1.95E+17
0.332843486,2.25E+17
0.333290856,2.17E+17
0.333739431,1.92E+17
0.334189214,1.94E+17
0.334640212,2.22E+17
0.335092428,2.24E+17
0.335545869,2.08E+17
0.336000538,1.98E+17
0.336456441,1.92E+17
0.336913583,1.69E+17
0.337371969,9.73E+16
0.337831603,1.59E+17
0.338292492,2.05E+17
0.338754641,2.17E+17
0.339218053,2.18E+17
0.339682735,2.00E+17
0.340148693,2.08E+17
0.34061593,2.25E+17
0.341084452,2.01E+17
0.341554266,1.93E+17
0.342025375,1.98E+17
0.342497786,2.24E+17
0.342971503,1.82E+17
0.343446533,1.81E+17
0.343922881,1.97E+17
0.344400551,1.94E+17
0.344879551,1.82E+17
0.345359884,1.78E+17
0.345841558,1.71E+17
0.346324577,1.90E+17
0.346808947,1.60E+17
0.347294673,1.54E+17
0.347781763,2.00E+17
0.34827022,1.98E+17
0.348760052,1.65E+17
0.349251263,1.91E+17
0.34974386,1.73E+17
0.350237849,1.63E+17
0.350733235,1.70E+17
0.351230024,1.99E+17
0.351728223,2.03E+17
0.352227836,2.15E+17
0.352728872,2.03E+17
0.353231335,2.10E+17
0.353735231,2.06E+17
0.354240567,2.07E+17
0.354747349,2.13E+17
0.355255583,1.80E+17
0.355765275,2.08E+17
0.356276432,1.92E+17
0.35678906,1.86E+17
0.357303166,2.08E+17
0.357818754,1.66E+17
0.358335834,2.11E+17
0.358854409,1.39E+17
0.359374488,1.86E+17
0.359896077,1.88E+17
0.360419181,1.33E+17
0.360943809,1.90E+17
0.361469966,1.42E+17
0.36199766,1.63E+17
0.362526896,2.14E+17
0.363057682,1.18E+17
0.363590025,1.14E+17
0.364123931,7.15E+16
0.364659407,2.00E+17
0.365196461,1.52E+17
0.365735099,1.56E+17
0.366275328,1.18E+17
0.366817155,8.01E+16
0.367360588,1.32E+17
0.367905633,6.12E+16
0.368452298,1.11E+17
0.369000591,8.07E+16
0.369550517,5.57E+16
0.370102085,1.23E+17
0.370655302,5.38E+16
0.371210175,5.23E+16
0.371766712,1.37E+17
0.37232492,6.99E+16
0.372884807,5.25E+16
0.373446381,8.91309E+14
0.374009648,2.38629E+14
0.374574618,5.78E+16
0.375141296,5.78E+16
0.375709692,2.60E+16
0.376279813,1.78E+16
0.376851667,1.27E+17
0.377425262,1.60E+17
0.378000605,4.10E+16
0.378577705,8.45E+16
0.37915657,1.73E+16
0.379737208,3.46E+16
0.380319627,1.72E+16
0.380903835,1.39E+17
0.381489841,3.63E+16
0.382077653,1.02E+16
0.382667279,5.17E+16
0.383258728,1.00E+17
0.383852008,4.66299E+15
0.384447127,2.70678E+15
0.385044095,2.18E+16
0.385642919,6.7129E+15
0.386243609,1.83103E+15
0.386846173,4.14023E+15
0.38745062,5.8332E+15
0.388056959,3.57E+16
0.388665199,5.59E+16
0.389275348,1.06E+17
0.389887416,1.39E+17
0.390501412,1.20E+17
0.391117345,1.62E+17
0.391735224,1.80E+17
0.392355058,1.18E+17
0.392976857,7.19E+16
0.39360063,8.47E+16
0.394226386,4.11E+16
0.394854135,4.18E+16
0.395483887,1.43E+17
0.39611565,7.17E+16
0.396749435,3.75E+16
0.397385251,1.21E+17
0.398023109,2.78E+16
0.398663017,1.03E+16
0.399304987,1.12E+16
0.399949027,5.32E+16
0.400595148,7.88581E+15
0.401243361,2.85E+16
0.401893674,2.11E+16
0.402546099,4.30E+16
0.403200645,7.11E+16
0.403857324,2.05E+16
0.404516145,3.40E+16
0.405177119,7.33E+16
0.405840257,3.35115E+15
0.406505569,1.19E+16
0.407173065,4.83E+16
0.407842758,2.31E+16
0.408514657,2.84E+16
0.409188774,6.86E+16
0.409865119,8.43E+16
0.410543703,7.08687E+15
0.411224539,6.18E+16
0.411907636,7.58E+16
0.412593006,3.18E+16
0.413280661,8.60E+16
0.413970612,4.66E+16
0.414662871,1.12E+17
0.415357449,7.52E+16
0.416054357,1.44E+16
0.416753608,9.1332E+15
0.417455214,3.7478E+15
0.418159185,7.87E+16
0.418865535,4.84E+16
0.419574276,2.45E+16
0.420285418,5.45E+16
0.420998976,1.50E+16
0.421714961,1.68E+16
0.422433385,6.66E+16
0.423154261,6.01E+16
0.423877601,1.10E+16
0.424603419,2.93E+16
0.425331727,1.27E+16
0.426062538,2.72E+16
0.426795864,1.10449E+15
0.427531719,8.03619E+15
0.428270115,2.62E+16
0.429011067,1.82516E+15
0.429754587,4.41977E+15
0.430500689,2.39802E+15
0.431249386,3.77941E+15
0.432000691,6.05943E+13
0.432754619,1.6006E+15
0.433511183,2.40844E+14
0.434270397,4.23938E+12
0.435032275,1.08711E+13
0.435796831,3.79369E+14
0.436564079,1.82376E+12
0.437334033,1968367113
0.438106708,3.5898E+13
0.438882118,1.61157E+12
0.439660278,187100010.1
0.440441202,2598046865
0.441224905,3624585143
0.442011403,604669.0332
0.442800709,14692429.95
0.443592839,3209.747856
0.444387808,1073.149227
0.445185632,3.41E-08
0.445986325,4.19E-15
0.446789904,3.47E-19
0.447596384,7.23E-05
0.448405781,2.30E-08
0.44921811,0
0.450033388,5.71E-25
0.450851631,1.41E-09
0.451672854,0.000110402
0.452497075,1.95E-08
0.453324309,0.045593856
0.454154573,5.017377238
0.454987884,0.005992285
0.455824259,4.58E-26
0.456663714,3.13E-07
0.457506267,9.09E-17
0.458351935,2.36E-23
0.459200735,0
0.460052684,5.67E-14
0.460907801,8.08E-11
0.461766102,0
0.462627606,0
0.463492331,0
0.464360294,0
0.465231514,8.55E-19
0.466106009,1.99E-06
0.466983798,9.98E-09
0.4678649,1.08013667
0.468749332,6.761118656
0.469637115,877.822233
0.470528267,2899.105074
0.471422808,2.07E-26
0.472320756,2.84E-09
0.473222131,4.13E-10
0.474126954,8.13E-19
0.475035243,4.29E-15
0.475947019,4.17E-16
0.476862302,3.21E-09
0.477781111,1.62E-14
0.478703469,3.87E-12
0.479629394,1.21E-15
0.480558909,0.00266464
0.481492033,7.48E-09
0.482428788,10.51608068
0.483369195,109324.0837
0.484313275,211309303.4
0.485261051,7066788536
0.486212543,1900050.999
0.487167774,359801850
0.488126765,2.50948E+12
0.48908954,1.15765E+12
0.49005612,4.18146E+12
0.491026528,2.70563E+14
0.492000787,2.40765E+15
0.49297892,3.35097E+15
0.49396095,1.42E+16
0.4949469,9.69542E+15
0.495936794,4.48E+16
0.496930655,1.81E+16
0.497928508,2.20E+16
0.498930376,3.50E+16
0.499936284,4.98E+16
0.500946256,1.01E+17
0.501960318,1.02E+17
0.502978493,1.47E+17
0.504000807,2.02E+17
0.505027285,1.49E+17
0.506057953,8.13E+16
0.507092836,1.23E+17
0.508131961,2.55E+17
0.509175353,8.72E+16
0.510223039,2.63E+17
0.511275045,1.92E+17
0.512331398,1.53E+17
0.513392126,1.56E+17
0.514457255,1.92E+17
0.515526813,1.90E+17
0.516600827,2.48E+17
0.517679325,2.26E+17
0.518762337,2.06E+17
0.519849889,1.70E+17
0.52094201,2.33E+17
0.52203873,2.40E+17
0.523140078,1.67E+17
0.524246082,2.65E+17
0.525356773,2.68E+17
0.52647218,2.52E+17
0.527592334,2.19E+17
0.528717264,2.69E+17
0.529847002,2.38E+17
0.530981578,3.00E+17
0.532121023,2.92E+17
0.53326537,2.87E+17
0.534414648,2.64E+17
0.535568892,2.93E+17
0.536728132,3.20E+17
0.537892401,2.94E+17
0.539061732,2.91E+17
0.540236159,3.01E+17
0.541415714,3.08E+17
0.542600431,3.06E+17
0.543790344,3.19E+17
0.544985488,3.06E+17
0.546185896,3.08E+17
0.547391605,3.21E+17
0.548602648,3.14E+17
0.549819062,3.15E+17
0.551040882,3.33E+17
0.552268144,3.25E+17
0.553500886,3.34E+17
0.554739143,3.37E+17
0.555982953,3.41E+17
0.557232353,3.37E+17
0.55848738,3.45E+17
0.559748074,3.37E+17
0.561014473,3.48E+17
0.562286614,3.22E+17
0.563564538,3.08E+17
0.564848284,3.39E+17
0.566137892,3.37E+17
0.567433402,3.16E+17
0.568734855,3.44E+17
0.570042292,3.36E+17
0.571355753,3.40E+17
0.572675281,3.14E+17
0.574000919,3.44E+17
0.575332707,3.45E+17
0.57667069,3.42E+17
0.578014911,3.59E+17
0.579365413,3.61E+17
0.580722241,3.56E+17
0.582085439,3.52E+17
0.583455051,3.45E+17
0.584831125,3.39E+17
0.586213704,3.52E+17
0.587602836,3.42E+17
0.588998567,3.53E+17
0.590400945,3.24E+17
0.591810016,3.35E+17
0.59322583,3.30E+17
0.594648434,3.13E+17
0.596077877,3.17E+17
0.597514209,2.81E+17
0.59895748,2.37E+17
0.600407741,2.21E+17
0.601865041,2.46E+17
0.603329433,1.93E+17
0.604800968,2.38E+17
0.606279699,3.16E+17
0.607765679,3.09E+17
0.60925896,3.30E+17
0.610759598,2.88E+17
0.612267647,2.50E+17
0.613783161,1.51E+17
0.615306196,8.85E+16
0.616836808,1.31E+17
0.618375055,4.91E+16
0.619920992,1.24E+17
0.621474679,2.62E+17
0.623036173,2.74E+17
0.624605534,2.64E+17
0.62618282,2.38E+17
0.627768093,2.12E+17
0.629361413,1.52E+17
0.630962842,8.80E+16
0.632572441,6.70E+16
0.634190273,3.04E+16
0.635816402,5.04E+16
0.637450892,3.25E+16
0.639093806,9.73002E+15
0.640745212,1.06E+16
0.642405173,1.61249E+15
0.644073758,2.71141E+15
0.645751034,1.29521E+15
0.647437068,5.68775E+13
0.649131929,6.51979E+13
0.650835687,1.59064E+12
0.652548413,2.40121E+12
0.654270176,3.57729E+14
0.65600105,6.12194E+14
0.657741106,1.19359E+14
0.659490417,2.09103E+14
0.661249058,1207886365
0.663017104,707904173.4
0.66479463,4.47283E+13
0.666581712,2.91346E+13
0.668378428,7.35946E+11
0.670184856,7.71067E+12
0.672001076,1.5978E+13
0.673827165,1.58598E+11
0.675663207,1.6104E+13
0.677509281,1.29496E+13
0.679365471,3.14522E+15
0.68123186,2.4173E+15
0.683108531,7.96659E+15
0.684995571,2.33E+16
0.686893066,3.54E+16
0.688801102,7.54E+16
0.690719768,1.10E+17
0.692649153,2.07E+17
0.694589347,1.78E+17
0.696540441,2.30E+17
0.698502526,2.61E+17
0.700475697,3.19E+17
0.702460048,2.97E+17
0.704455673,3.54E+17
0.706462669,3.36E+17
0.708481134,3.60E+17
0.710511166,3.34E+17
0.712552865,3.60E+17
0.714606331,3.43E+17
0.716671667,3.66E+17
0.718748976,3.71E+17
0.720838363,3.86E+17
0.722939933,3.88E+17
0.725053792,3.81E+17
0.727180049,3.98E+17
0.7284618,4.08E+17
0.729318814,3.98E+17
0.729748078,4.09E+17
0.730177847,4.12E+17
0.730608123,3.59E+17
0.731038906,4.14E+17
0.731470197,4.15E+17
0.731901998,4.04E+17
0.732334309,4.16E+17
0.73276713,4.07E+17
0.733200464,3.79E+17
0.73363431,4.02E+17
0.73406867,4.05E+17
0.734503545,4.10E+17
0.734938936,3.99E+17
0.735374842,4.09E+17
0.735811267,4.14E+17
0.736248209,3.84E+17
0.736685671,4.05E+17
0.737123653,3.93E+17
0.737562156,3.75E+17
0.738001181,3.96E+17
0.738440729,4.09E+17
0.738880801,4.01E+17
0.739321398,4.07E+17
0.73976252,4.04E+17
0.74020417,4.08E+17
0.740646347,4.11E+17
0.741089052,4.11E+17
0.741532287,4.01E+17
0.741976053,4.14E+17
0.74242035,4.19E+17
0.742865179,4.06E+17
0.743310542,4.04E+17
0.743756439,3.96E+17
0.744202872,3.36E+17
0.74464984,3.97E+17
0.745097346,4.13E+17
0.74554539,4.15E+17
0.745993974,4.08E+17
0.746443097,4.16E+17
0.746892762,4.15E+17
0.747342968,4.10E+17
0.747793718,4.16E+17
0.748245012,4.11E+17
0.74869685,4.08E+17
0.749149235,4.09E+17
0.749602167,3.97E+17
0.750055647,4.09E+17
0.750509676,4.10E+17
0.750964255,3.81E+17
0.751419384,4.11E+17
0.751875066,3.98E+17
0.752331301,3.94E+17
0.75278809,4.13E+17
0.753245434,3.94E+17
0.753703334,3.94E+17
0.754161791,4.03E+17
0.754620806,3.88E+17
0.75508038,3.97E+17
0.755540515,3.94E+17
0.75600121,3.85E+17
0.756462468,3.94E+17
0.756924288,3.93E+17
0.757386673,4.04E+17
0.757849624,4.18E+17
0.75831314,4.15E+17
0.758777224,4.12E+17
0.759241877,4.11E+17
0.759707098,4.20E+17
0.76017289,4.19E+17
0.760639254,4.16E+17
0.761106191,4.24E+17
0.7615737,4.23E+17
0.762041785,4.21E+17
0.762510445,4.18E+17
0.762979683,4.14E+17
0.763449498,4.22E+17
0.763919892,4.21E+17
0.764390866,4.12E+17
0.764862421,4.05E+17
0.765334558,4.05E+17
0.765807279,4.15E+17
0.766280584,4.19E+17
0.766754474,4.03E+17
0.767228951,3.95E+17
0.767704015,4.12E+17
0.768179668,4.07E+17
0.768655911,4.04E+17
0.769132745,3.92E+17
0.76961017,3.85E+17
0.770088189,3.69E+17
0.770566802,3.84E+17
0.77104601,3.88E+17
0.771525815,3.93E+17
0.772006217,4.06E+17
0.772487218,3.98E+17
0.772968818,3.83E+17
0.77345102,3.75E+17
0.773933823,3.74E+17
0.774417229,3.72E+17
0.77490124,3.96E+17
0.775385856,4.02E+17
0.775871079,4.21E+17
0.776356909,4.08E+17
0.776843349,4.04E+17
0.777330398,4.25E+17
0.777818058,4.21E+17
0.77830633,4.24E+17
0.778795216,4.13E+17
0.779284717,3.96E+17
0.779774833,3.95E+17
0.780265566,3.78E+17
0.780756917,4.08E+17
0.781248887,4.11E+17
0.781741478,4.14E+17
0.78223469,4.18E+17
0.782728525,4.02E+17
0.783222984,3.99E+17
0.783718068,3.89E+17
0.784213779,3.99E+17
0.784710117,3.92E+17
0.785207083,3.78E+17
0.78570468,3.75E+17
0.786202907,3.44E+17
0.786701767,3.92E+17
0.78720126,3.80E+17
0.787701388,3.82E+17
0.788202152,3.70E+17
0.788703552,3.75E+17
0.789205592,3.70E+17
0.78970827,3.80E+17
0.79021159,3.99E+17
0.790715551,4.03E+17
0.791220156,4.11E+17
0.791725405,4.09E+17
0.7922313,4.16E+17
0.792737842,4.08E+17
0.793245032,4.13E+17
0.793752871,4.14E+17
0.794261361,4.17E+17
0.794770503,4.10E+17
0.795280298,4.12E+17
0.795790747,4.12E+17
0.796301852,4.15E+17
0.796813615,4.02E+17
0.797326035,4.09E+17
0.797839115,4.03E+17
0.798352855,4.13E+17
0.798867258,4.13E+17
0.799382324,4.10E+17
0.799898054,4.08E+17
0.800414451,4.13E+17
0.800931514,4.02E+17
0.801449246,4.11E+17
0.801967648,4.12E+17
0.802486721,4.15E+17
0.803006467,4.07E+17
0.803526886,4.06E+17
0.804047979,4.01E+17
0.80456975,4.00E+17
0.805092198,3.93E+17
0.805615324,4.04E+17
0.806139132,4.02E+17
0.80666362,4.03E+17
0.807188792,4.04E+17
0.807714648,3.92E+17
0.808241189,3.94E+17
0.808768418,4.05E+17
0.809296334,4.06E+17
0.809824941,3.93E+17
0.810354238,3.71E+17
0.810884228,3.95E+17
0.811414911,4.05E+17
0.81194629,3.79E+17
0.812478365,3.86E+17
0.813011137,3.73E+17
0.813544609,3.96E+17
0.814078782,4.02E+17
0.814613656,3.78E+17
0.815149234,3.93E+17
0.815685516,3.77E+17
0.816222504,3.48E+17
0.8167602,3.58E+17
0.817298605,3.53E+17
0.817837721,3.63E+17
0.818377547,3.75E+17
0.818918087,3.18E+17
0.819459342,3.41E+17
0.820001312,3.66E+17
0.820544,3.71E+17
0.821087407,3.78E+17
0.821631534,2.61E+17
0.822176382,3.38E+17
0.822721954,3.55E+17
0.82326825,3.57E+17
0.823815272,2.55E+17
0.824363021,2.21E+17
0.8249115,2.55E+17
0.825460709,3.21E+17
0.826010649,3.65E+17
0.826561323,3.43E+17
0.827112731,2.98E+17
0.827664876,2.59E+17
0.828217758,3.11E+17
0.82877138,2.29E+17
0.829325742,2.48E+17
0.829880846,2.76E+17
0.830436694,2.45E+17
0.830993287,2.22E+17
0.831550627,2.66E+17
0.832108714,2.35E+17
0.832667552,2.54E+17
0.83322714,1.26E+17
0.833787481,8.09E+16
0.834348576,1.64E+17
0.834910427,1.66E+17
0.835473035,1.82E+17
0.836036402,1.97E+17
0.836600529,7.73E+16
0.837165418,1.52E+17
0.83773107,7.98E+16
0.838297488,1.58E+17
0.838864671,8.32E+16
0.839432623,9.12E+16
0.840001344,8.98E+16
0.840570837,2.41E+17
0.841141102,1.27E+17
0.841712141,9.11E+16
0.842283957,6.06E+16
0.84285655,2.31E+16
0.843429921,6.41E+16
0.844004074,1.22E+17
0.844579008,9.88E+16
0.845154727,4.62E+16
0.845731231,8.34E+16
0.846308522,1.19E+17
0.846886601,1.93E+17
0.847465471,5.50E+16
0.848045133,1.66E+17
0.848625588,1.14E+17
0.849206839,1.08E+17
0.849788886,2.06E+17
0.850371731,1.72E+17
0.850955377,1.47E+17
0.851539824,1.11E+17
0.852125075,8.27E+16
0.852711131,1.72E+17
0.853297993,1.02E+17
0.853885664,7.75E+16
0.854474145,1.40E+16
0.855063437,3.39E+16
0.855653543,1.26E+17
0.856244464,1.43E+17
0.856836202,4.46E+16
0.857428758,2.84E+16
0.858022134,6.09E+16
0.858616333,7.55E+16
0.859211354,5.50E+16
0.859807201,4.42E+16
0.860403875,3.86E+16
0.861001378,4.80E+16
0.861599711,6.18E+16
0.862198876,1.60E+16
0.862798876,3.60E+16
0.863399711,4.61E+16
0.864001383,2.57E+16
0.864603894,2.51E+16
0.865207247,4.28E+16
0.865811442,3.00388E+15
0.866416481,5.97E+16
0.867022367,7.31E+16
0.8676291,4.50E+16
0.868236684,5.39004E+15
0.868845119,5.85E+16
0.869454407,3.27E+16
0.87006455,3.04E+16
0.870675551,1.99E+16
0.87128741,1.08E+16
0.87190013,5.41E+16
0.872513712,1.07E+16
0.873128158,9.61661E+15
0.87374347,2.48754E+15
0.87435965,1.57E+16
0.8749767,1.36E+16
0.875594622,4.10E+16
0.876213416,2.11271E+14
0.876833087,4.17584E+14
0.877453634,2.68E+16
0.87807506,3.01717E+15
0.878697367,2.41148E+15
0.879320556,5.30999E+14
0.87994463,7.03257E+14
0.880569591,1.86924E+15
0.88119544,1.97428E+14
0.881822179,2.30762E+15
0.882449811,4.10404E+11
0.883078336,8.30339E+14
0.883707758,2.66874E+15
0.884338077,2.05356E+15
0.884969296,11754853236
0.885601417,3617177497
0.886234442,9.03036E+14
0.886868372,1.40935E+15
0.88750321,5.43059E+13
0.888138957,6982859859
0.888775616,7.40006E+11
0.889413188,8.30695E+13
0.890051676,1.27158E+14
0.890691081,2.60449E+13
0.891331405,3.75746E+14
0.891972651,5.37892E+14
0.89261482,6.32157E+14
0.893257914,4.3714E+12
0.893901935,2.15552E+14
0.894546886,2.72587E+12
0.895192768,2.2544E+12
0.895839584,6.64007E+11
0.896487335,47276346715
0.897136023,2.75132E+12
0.897785651,2.53618E+12
0.898436221,8.70593E+13
0.899087733,5.55419E+13
0.899740192,1.17814E+15
0.900393598,1.30078E+14
0.901047954,2.72368E+14
0.901703261,3.4127E+14
0.902359523,1.88705E+14
0.90301674,4.66618E+13
0.903674916,2.8835E+12
0.904334051,20645166510
0.904994149,3.04861E+11
0.905655211,5.38246E+11
0.90631724,153946.6631
0.906980237,5.16152E+12
0.907644205,1.32377E+13
0.908309146,9372781.877
0.908975062,1.40019E+12
0.909641955,3.24506E+12
0.910309827,18543452
0.910978681,4926905536
0.911648518,2.18609E+12
0.912319341,7.48414E+11
0.912991152,4.26548E+12
0.913663953,7.28343E+13
0.914337747,4.86643E+13
0.915012535,3.63988E+12
0.915688319,2.92379E+14
0.916365103,9.66397E+13
0.917042888,1.5216E+15
0.917721676,4.63538E+15
0.91840147,1.60E+16
0.919082272,1.61E+16
0.919764083,4.71924E+15
0.920446907,5.97E+16
0.921130746,5.76E+16
0.921815602,1.08E+17
0.922501476,7.46E+16
0.923188373,1.25E+17
0.923876292,1.75E+17
0.924565238,1.67E+17
0.925255212,1.64E+17
0.925946217,1.72E+17
0.926638254,1.73E+17
0.927331327,1.60E+17
0.928025437,1.78E+17
0.928720588,2.23E+17
0.92941678,1.63E+17
0.930114017,1.95E+17
0.930812301,1.40E+17
0.931511634,1.39E+17
0.932212018,2.19E+17
0.932913457,1.69E+17
0.933615952,2.23E+17
0.934319506,2.53E+17
0.935024121,2.66E+17
0.935729799,3.04E+17
0.936436544,2.47E+17
0.937144357,2.19E+17
0.937853241,2.83E+17
0.938563198,2.80E+17
0.939274231,2.42E+17
0.939986341,2.50E+17
0.940699533,3.10E+17
0.941413807,2.90E+17
0.942129167,3.00E+17
0.942845615,2.64E+17
0.943563154,2.66E+17
0.944281785,2.88E+17
0.945001512,3.06E+17
0.945722337,3.05E+17
0.946444263,2.75E+17
0.947167291,3.50E+17
0.947891425,3.15E+17
0.948616667,2.77E+17
0.94934302,3.48E+17
0.950070486,3.46E+17
0.950799068,2.71E+17
0.951528768,3.11E+17
0.952259589,3.51E+17
0.952991533,3.24E+17
0.953724603,3.15E+17
0.954458802,3.64E+17
0.955194133,3.48E+17
0.955930597,3.29E+17
0.956668198,3.44E+17
0.957406938,3.57E+17
0.958146819,3.56E+17
0.958887846,3.62E+17
0.959630019,3.47E+17
0.960373342,3.65E+17
0.961117817,3.60E+17
0.961863448,3.56E+17
0.962610236,3.64E+17
0.963358185,3.65E+17
0.964107297,3.69E+17
0.964857575,3.65E+17
0.965609022,3.62E+17
0.96636164,3.49E+17
0.967115432,3.19E+17
0.967870402,3.53E+17
0.96862655,3.59E+17
0.969383881,3.61E+17
0.970142398,3.62E+17
0.970902102,3.55E+17
0.971662997,3.52E+17
0.972425086,3.47E+17
0.973188371,3.41E+17
0.973952855,3.40E+17
0.974718541,3.42E+17
0.975485432,3.40E+17
0.976253531,3.22E+17
0.97702284,2.05E+17
0.977793363,3.07E+17
0.978565102,3.21E+17
0.97933806,3.17E+17
0.980112241,3.25E+17
0.980887646,3.05E+17
0.981664279,3.27E+17
0.982442143,3.23E+17
0.983221241,3.35E+17
0.984001575,3.50E+17
0.984783149,3.46E+17
0.985565965,3.60E+17
0.986350027,3.51E+17
0.987135338,3.54E+17
0.9879219,3.62E+17
0.988709716,3.55E+17
0.98949879,3.58E+17
0.990289125,3.59E+17
0.991080723,3.60E+17
0.991873587,3.62E+17
0.992667722,3.64E+17
0.993463128,3.62E+17
0.994259811,3.60E+17
0.995057772,3.61E+17
0.995857016,3.58E+17
0.996657544,3.56E+17
0.99745936,3.57E+17
0.998262467,3.60E+17
0.999066869,3.58E+17
0.999872568,3.57E+17
1.000679568,3.57E+17
1.001487871,3.61E+17
1.002297481,3.56E+17
1.003108402,3.60E+17
1.003920635,3.56E+17
1.004734185,3.59E+17
1.005549055,3.46E+17
1.006365247,3.54E+17
1.007182766,3.58E+17
1.008001613,3.48E+17
1.008821794,3.52E+17
1.00964331,3.51E+17
1.010466165,3.25E+17
1.011290362,3.50E+17
1.012115906,3.45E+17
1.012942798,3.34E+17
1.013771042,3.30E+17
1.014600642,3.34E+17
1.015431601,3.44E+17
1.016263922,3.38E+17
1.017097608,3.28E+17
1.017932664,3.37E+17
1.018769091,3.33E+17
1.019606895,3.40E+17
1.020446078,3.12E+17
1.021286643,3.15E+17
1.022128594,3.40E+17
1.022971934,3.07E+17
1.023816667,3.05E+17
1.024662797,3.26E+17
1.025510326,2.97E+17
1.026359259,3.10E+17
1.027209598,3.07E+17
1.028061347,3.42E+17
1.02891451,3.10E+17
1.02976909,2.57E+17
1.030625091,3.07E+17
1.031482516,3.08E+17
1.032341369,3.07E+17
1.033201654,3.15E+17
1.034063373,2.55E+17
1.034926531,3.03E+17
1.035791131,3.32E+17
1.036657178,3.00E+17
1.037524673,3.10E+17
1.038393622,3.24E+17
1.039264027,3.13E+17
1.040135893,3.26E+17
1.041009223,3.06E+17
1.04188402,3.16E+17
1.04276029,2.84E+17
1.043638034,2.28E+17
1.044517257,3.09E+17
1.045397963,3.23E+17
1.046280156,2.75E+17
1.047163838,2.83E+17
1.048049015,2.95E+17
1.048935689,2.17E+17
1.049823865,3.04E+17
1.050713546,2.94E+17
1.051604736,3.22E+17
1.05249744,2.39E+17
1.05339166,3.13E+17
1.054287402,3.15E+17
1.055184668,2.98E+17
1.056083462,2.21E+17
1.056983789,2.99E+17
1.057885652,2.97E+17
1.058789056,2.92E+17
1.059694004,2.98E+17
1.0606005,2.74E+17
1.061508548,2.71E+17
1.062418153,2.65E+17
1.063329318,2.41E+17
1.064242047,2.49E+17
1.065156344,2.57E+17
1.066072214,2.99E+17
1.066989659,2.23E+17
1.067908686,2.21E+17
1.068829297,1.82E+17
1.069751496,2.13E+17
1.070675289,1.97E+17
1.071600678,1.98E+17
1.072527668,1.76E+17
1.073456263,1.96E+17
1.074386468,8.89E+16
1.075318286,1.48E+17
1.076251723,1.54E+17
1.07718678,1.26E+17
1.078123465,7.51E+16
1.079061779,1.35E+17
1.080001729,1.67E+17
1.080943317,3.63E+16
1.081886548,9.63E+16
1.082831427,8.90E+16
1.083777958,6.89E+16
1.084726146,1.89E+17
1.085675993,1.36E+17
1.086627506,1.17E+17
1.087580688,1.54E+17
1.088535544,1.79E+17
1.089492078,1.22E+17
1.090450294,1.72E+17
1.091410197,7.66E+16
1.092371792,9.17931E+15
1.093335083,2.47E+16
1.094300074,9.05E+16
1.095266771,1.38E+17
1.096235176,1.74E+17
1.097205296,4.13E+16
1.098177134,6.19E+16
1.099150695,5.78E+16
1.100125984,9.14E+16
1.101103006,2.99E+16
1.102081764,8.34E+16
1.103062264,6.27E+16
1.10404451,7.37E+16
1.105028507,4.68E+16
1.106014259,1.06E+17
1.107001772,8.09E+16
1.107991049,6.44E+16
1.108982097,1.23E+17
1.109974919,4.51E+16
1.11096952,1.14E+17
1.111965905,1.41E+17
1.112964079,1.68E+17
1.113964047,1.50E+17
1.114965813,2.31E+17
1.115969383,1.85E+17
1.116974761,2.66E+17
1.117981952,2.29E+17
1.118990961,2.30E+17
1.120001793,2.66E+17
1.121014452,2.19E+17
1.122028945,2.77E+17
1.123045276,2.55E+17
1.124063449,2.54E+17
1.12508347,2.55E+17
1.126105345,2.69E+17
1.127129077,2.63E+17
1.128154672,2.74E+17
1.129182135,2.70E+17
1.130211472,3.10E+17
1.131242686,2.69E+17
1.132275785,2.78E+17
1.133310772,2.87E+17
1.134347653,2.71E+17
1.135386433,3.07E+17
1.136427117,3.10E+17
1.13746971,2.92E+17
1.138514219,3.04E+17
1.139560647,3.10E+17
1.140609001,2.96E+17
1.141659286,2.88E+17
1.142711506,3.08E+17
1.143765668,2.99E+17
1.144821777,3.08E+17
1.145879838,3.03E+17
1.146939856,2.98E+17
1.148001837,3.05E+17
1.149065787,3.08E+17
1.150131711,3.07E+17
1.151199614,3.07E+17
1.152269502,3.11E+17
1.153341381,2.99E+17
1.154415255,3.13E+17
1.155491132,3.03E+17
1.156569015,3.08E+17
1.157648912,3.08E+17
1.158730826,3.01E+17
1.159814766,2.91E+17
1.160900734,3.06E+17
1.161988739,3.06E+17
1.163078785,3.04E+17
1.164170877,3.09E+17
1.165265023,3.09E+17
1.166361227,3.04E+17
1.167459496,3.08E+17
1.168559834,3.01E+17
1.169662249,3.07E+17
1.170766746,2.98E+17
1.171873331,3.07E+17
1.17298201,3.09E+17
1.174092788,3.09E+17
1.175205672,3.09E+17
1.176320668,3.07E+17
1.177437782,3.08E+17
1.178557019,3.08E+17
1.179678387,3.09E+17
1.18080189,3.08E+17
1.181927535,3.09E+17
1.183055329,3.10E+17
1.184185276,3.06E+17
1.185317385,3.01E+17
1.18645166,3.08E+17
1.187588108,3.09E+17
1.188726735,3.06E+17
1.189867547,3.09E+17
1.191010552,3.08E+17
1.192155754,3.07E+17
1.193303161,3.08E+17
1.194452779,3.05E+17
1.195604614,3.06E+17
1.196758672,3.08E+17
1.197914961,3.07E+17
1.199073486,3.05E+17
1.200234254,3.03E+17
1.201397272,3.07E+17
1.202562545,3.06E+17
1.203730082,3.06E+17
1.204899888,3.04E+17
1.206071969,3.06E+17
1.207246333,3.05E+17
1.208422987,3.05E+17
1.209601936,3.05E+17
1.210783188,3.01E+17
1.211966749,3.02E+17
1.213152627,2.99E+17
1.214340827,3.03E+17
1.215531357,3.01E+17
1.216724224,2.96E+17
1.217919435,3.06E+17
1.219116995,3.00E+17
1.220316914,3.03E+17
1.221519196,3.01E+17
1.22272385,3.05E+17
1.223930883,3.03E+17
1.225140301,3.02E+17
1.226352111,3.03E+17
1.227566321,3.01E+17
1.228782938,3.00E+17
1.230001969,3.02E+17
1.23122342,3.02E+17
1.232447301,2.95E+17
1.233673616,2.81E+17
1.234902375,2.97E+17
1.236133584,3.01E+17
1.23736725,2.97E+17
1.238603381,3.03E+17
1.239841984,2.99E+17
1.241083067,2.99E+17
1.242326638,2.98E+17
1.243572702,2.98E+17
1.244821269,3.00E+17
1.246072346,3.01E+17
1.24732594,3.01E+17
1.248582059,2.93E+17
1.24984071,2.98E+17
1.251101901,2.98E+17
1.252365641,2.88E+17
1.253631936,2.94E+17
1.254900794,2.88E+17
1.256172223,2.89E+17
1.257446232,2.92E+17
1.258722827,2.67E+17
1.260002017,2.85E+17
1.261283809,2.58E+17
1.262568212,2.66E+17
1.263855234,2.73E+17
1.265144882,2.31E+17
1.266437165,2.43E+17
1.26773209,2.34E+17
1.269029667,2.42E+17
1.270329902,2.16E+17
1.271632804,2.22E+17
1.272938382,2.16E+17
1.274246644,2.27E+17
1.275557597,2.56E+17
1.276871251,2.65E+17
1.278187613,2.35E+17
1.279506692,2.54E+17
1.280828496,2.40E+17
1.282153034,1.84E+17
1.283480315,1.84E+17
1.284810346,1.84E+17
1.286143137,1.67E+17
1.287478696,1.83E+17
1.288817032,1.60E+17
1.290158152,1.66E+17
1.291502067,1.51E+17
1.292848784,1.34E+17
1.294198313,1.65E+17
1.295550663,9.63E+16
1.296905841,1.16E+17
1.298263858,1.21E+17
1.299624722,1.50E+17
1.300988441,1.21E+17
1.302355026,9.42E+16
1.303724484,1.69E+17
1.305096826,5.13E+16
1.306472059,1.71E+17
1.307850194,9.49E+16
1.30923124,1.28E+17
1.310615205,6.69E+16
1.3120021,1.26E+17
1.313391933,9.76E+16
1.314784713,9.48E+16
1.31618045,1.38E+17
1.317579154,1.26E+17
1.318980834,1.59E+17
1.3203855,1.34E+17
1.32179316,6.72E+16
1.323203825,5.46E+16
1.324617505,5.37E+16
1.326034208,8.33E+16
1.327453945,4.76E+16
1.328876725,8.19E+16
1.330302558,9.89E+16
1.331731455,1.34E+17
1.333163424,1.41E+17
1.334598476,1.79E+17
1.336036621,1.91E+17
1.337477869,2.55E+17
1.338922229,2.27E+17
1.340369713,2.29E+17
1.341820329,2.31E+17
1.343274089,2.38E+17
1.344731003,2.23E+17
1.34619108,2.48E+17
1.347654331,2.35E+17
1.349120766,2.33E+17
1.350590397,1.86E+17
1.352063233,2.29E+17
1.353539284,1.80E+17
1.355018562,2.11E+17
1.356501077,1.94E+17
1.357986839,1.94E+17
1.35947586,2.12E+17
1.36096815,2.05E+17
1.362463719,1.91E+17
1.363962579,2.15E+17
1.36546474,1.98E+17
1.366970214,1.93E+17
1.368479011,2.34E+17
1.369991143,2.46E+17
1.37150662,2.53E+17
1.373025453,2.06E+17
1.374547654,1.99E+17
1.376073235,1.78E+17
1.377602205,2.20E+17
1.379134577,1.62E+17
1.380670361,2.11E+17
1.38220957,1.95E+17
1.383752215,2.23E+17
1.385298307,2.37E+17
1.386847857,2.47E+17
1.388400878,2.52E+17
1.389957382,2.62E+17
1.391517379,2.66E+17
1.393080881,2.64E+17
1.394647901,2.67E+17
1.396218451,2.62E+17
1.397792542,2.58E+17
1.399370185,2.56E+17
1.400951395,2.66E+17
1.402536181,2.62E+17
1.404124558,2.60E+17
1.405716536,2.60E+17
1.407312128,2.52E+17
1.408911346,2.60E+17
1.410514203,2.58E+17
1.412120711,2.62E+17
1.413730883,2.62E+17
1.415344731,2.60E+17
1.416962268,2.52E+17
1.418583506,2.55E+17
1.420208459,2.59E+17
1.421837138,2.60E+17
1.423469557,2.56E+17
1.425105729,2.59E+17
1.426745667,2.53E+17
1.428389383,2.55E+17
1.430036891,2.42E+17
1.431688204,2.24E+17
1.433343334,2.53E+17
1.435002297,2.56E+17
1.436665104,2.61E+17
1.438331768,2.59E+17
1.440002305,2.56E+17
1.441676726,2.55E+17
1.443355046,2.55E+17
1.445037278,2.54E+17
1.446723436,2.53E+17
1.448413533,2.48E+17
1.450107584,2.32E+17
1.451805602,2.15E+17
1.453507602,2.43E+17
1.455213597,2.43E+17
1.456923601,2.44E+17
1.458637629,2.23E+17
1.460355694,2.45E+17
1.462077812,2.46E+17
1.463803996,2.45E+17
1.46553426,2.50E+17
1.467268621,2.49E+17
1.46900709,2.41E+17
1.470749685,2.45E+17
1.472496418,2.42E+17
1.474247306,2.44E+17
1.476002362,2.44E+17
1.477761602,2.40E+17
1.479525041,2.39E+17
1.481292693,2.40E+17
1.483064575,2.31E+17
1.4848407,2.37E+17
1.486621084,2.20E+17
1.488405743,2.24E+17
1.490194693,2.09E+17
1.491987947,2.15E+17
1.493785523,2.13E+17
1.495587436,2.15E+17
1.497393701,1.96E+17
1.499204334,2.26E+17
1.501019351,2.14E+17
1.502838769,2.21E+17
1.504662602,2.12E+17
1.506490868,1.52E+17
1.508323582,2.15E+17
1.51016076,2.24E+17
1.51200242,1.93E+17
1.513848577,2.02E+17
1.515699247,1.83E+17
1.517554448,1.89E+17
1.519414196,1.84E+17
1.521278508,1.97E+17
1.523147401,1.98E+17
1.525020891,2.20E+17
1.526898995,2.23E+17
1.528781732,2.28E+17
1.530669116,2.28E+17
1.532561167,2.27E+17
1.534457901,2.32E+17
1.536359336,2.32E+17
1.538265489,2.33E+17
1.540176378,2.23E+17
1.54209202,2.28E+17
1.544012434,2.24E+17
1.545937636,2.27E+17
1.547867646,2.26E+17
1.54980248,2.23E+17
1.551742158,2.26E+17
1.553686697,2.29E+17
1.555636116,2.24E+17
1.557590433,2.20E+17
1.559549666,2.23E+17
1.561513834,2.23E+17
1.563482956,2.20E+17
1.565457051,2.21E+17
1.567436137,2.22E+17
1.569420233,2.18E+17
1.571409359,2.24E+17
1.573403533,2.25E+17
1.575402776,2.27E+17
1.577407105,2.29E+17
1.579416541,2.28E+17
1.581431102,2.26E+17
1.58345081,2.26E+17
1.585475683,2.26E+17
1.587505742,2.25E+17
1.589541006,2.24E+17
1.591581495,2.26E+17
1.593627229,2.24E+17
1.59567823,2.23E+17
1.597734516,2.24E+17
1.599796109,2.22E+17
1.601863029,2.22E+17
1.603935297,2.21E+17
1.606012933,2.20E+17
1.608095959,2.17E+17
1.610184395,2.15E+17
1.612278263,2.08E+17
1.614377584,2.05E+17
1.616482379,1.78E+17
1.618592669,1.49E+17
1.620708476,1.25E+17
1.622829822,9.76E+16
1.624956729,6.84E+16
1.627089218,1.24E+17
1.629227312,2.75E+16
1.631371032,4.74E+16
1.633520401,2.12E+17
1.635675441,2.17E+17
1.637836175,2.15E+17
1.640002625,2.15E+17
1.642174814,2.16E+17
1.644352764,2.16E+17
1.6465365,2.13E+17
1.648726043,2.13E+17
1.650921417,2.11E+17
1.653122646,2.11E+17
1.655329752,2.11E+17
1.65754276,2.11E+17
1.659761693,2.11E+17
1.661986574,2.10E+17
1.664217429,2.10E+17
1.66645428,2.09E+17
1.668697153,2.07E+17
1.670946071,2.02E+17
1.673201058,2.01E+17
1.675462141,2.01E+17
1.677729343,1.95E+17
1.680002689,2.00E+17
1.682282204,1.96E+17
1.684567913,1.95E+17
1.686859843,1.96E+17
1.689158017,1.98E+17
1.691462462,1.91E+17
1.693773203,1.84E+17
1.696090266,1.70E+17
1.698413677,1.78E+17
1.700743463,1.65E+17
1.703079649,1.63E+17
1.705422262,1.69E+17
1.707771328,1.68E+17
1.710126875,1.61E+17
1.712488929,1.63E+17
1.714857516,1.76E+17
1.717232665,1.90E+17
1.719614403,1.65E+17
1.722002756,1.49E+17
1.724397753,1.39E+17
1.726799421,1.55E+17
1.729207788,1.66E+17
1.731622883,1.90E+17
1.734044733,1.87E+17
1.736473367,1.93E+17
1.738908814,1.90E+17
1.741351102,1.92E+17
1.743800259,1.92E+17
1.746256316,1.91E+17
1.748719301,1.89E+17
1.751189243,1.88E+17
1.753666173,1.88E+17
1.756150119,1.88E+17
1.758641113,1.88E+17
1.761139182,1.85E+17
1.763644359,1.80E+17
1.766156673,1.78E+17
1.768676155,1.77E+17
1.771202835,1.79E+17
1.773736744,1.79E+17
1.776277915,1.82E+17
1.778826376,1.84E+17
1.781382161,1.74E+17
1.783945301,1.73E+17
1.786515828,1.69E+17
1.789093772,1.70E+17
1.791679168,1.71E+17
1.794272047,1.65E+17
1.796872441,1.58E+17
1.799480384,1.50E+17
1.802095907,1.48E+17
1.804719046,1.27E+17
1.807349831,1.76E+17
1.809988298,1.79E+17
1.81263448,1.79E+17
1.81528841,1.79E+17
1.817950124,1.80E+17
1.820619654,1.78E+17
1.823297036,1.78E+17
1.825982304,1.77E+17
1.828675493,1.78E+17
1.831376639,1.76E+17
1.834085776,1.77E+17
1.83680294,1.74E+17
1.839528167,1.75E+17
1.842261492,1.74E+17
1.845002953,1.72E+17
1.847752585,1.74E+17
1.850510424,1.73E+17
1.853276509,1.75E+17
1.856050875,1.71E+17
1.85883356,1.70E+17
1.861624601,1.70E+17
1.864424037,1.70E+17
1.867231904,1.66E+17
1.870048242,1.64E+17
1.872873088,1.63E+17
1.875706482,1.63E+17
1.878548461,1.63E+17
1.881399066,1.62E+17
1.884258335,1.60E+17
1.887126308,1.43E+17
1.890003025,1.36E+17
1.892888526,1.54E+17
1.895782851,1.61E+17
1.89868604,1.62E+17
1.901598135,1.56E+17
1.904519177,1.62E+17
1.907449207,1.52E+17
1.910388266,1.50E+17
1.913336396,1.54E+17
1.916293639,1.55E+17
1.919260038,1.55E+17
1.922235635,1.59E+17
1.925220473,1.57E+17
1.928214595,1.57E+17
1.931218044,1.54E+17
1.934230865,1.53E+17
1.937253101,1.53E+17
1.940284796,1.55E+17
1.943325994,1.55E+17
1.946376741,1.53E+17
1.949437082,1.48E+17
1.952507062,1.50E+17
1.955586726,1.48E+17
1.958676121,1.49E+17
1.961775292,1.40E+17
1.964884286,1.44E+17
1.96800315,1.41E+17
1.971131931,1.43E+17
1.974270676,1.37E+17
1.977419433,1.44E+17
1.98057825,1.40E+17
1.983747175,1.39E+17
1.986926257,1.39E+17
1.990115545,1.39E+17
1.993315087,1.39E+17
1.996524935,1.44E+17
1.999745136,1.43E+17
2.002975742,1.42E+17
2.006216803,1.41E+17
2.00946837,1.35E+17
2.012730494,1.36E+17
2.016003227,1.39E+17
2.019286619,1.33E+17
2.022580725,1.37E+17
2.025885595,1.38E+17
2.029201284,1.35E+17
2.032527843,1.35E+17
2.035865327,1.35E+17
2.03921379,1.36E+17
2.042573286,1.35E+17
2.045943869,1.34E+17
2.049325594,1.34E+17
2.052718517,1.33E+17
2.056122694,1.31E+17
2.05953818,1.27E+17
2.062965032,1.29E+17
2.066403307,1.29E+17
2.069853062,1.27E+17
2.073314355,1.27E+17
2.076787243,1.28E+17
2.080271786,1.27E+17
2.083768041,1.22E+17
2.087276068,1.23E+17
2.090795926,1.23E+17
2.094327676,1.21E+17
2.097871378,1.23E+17
2.101427092,1.14E+17
2.10499488,1.07E+17
2.108574803,1.23E+17
2.112166924,1.25E+17
2.115771304,1.22E+17
2.119388007,1.25E+17
2.123017096,1.25E+17
2.126658635,1.25E+17
2.130312688,1.23E+17
2.133979319,1.20E+17
2.137658594,1.19E+17
2.141350577,1.16E+17
2.145055336,1.14E+17
2.148772936,1.17E+17
2.152503445,1.14E+17
2.156246929,1.14E+17
2.160003457,1.16E+17
2.163773097,1.16E+17
2.167555917,1.15E+17
2.171351987,1.08E+17
2.175161376,1.11E+17
2.178984155,1.11E+17
2.182820395,1.13E+17
2.186670166,1.13E+17
2.190533541,1.06E+17
2.194410592,1.11E+17
2.198301391,1.10E+17
2.202206011,1.12E+17
2.206124527,1.07E+17
2.210057013,1.12E+17
2.214003543,1.05E+17
2.217964194,1.03E+17
2.22193904,1.08E+17
2.225928159,1.05E+17
2.229931626,1.07E+17
2.233949521,1.09E+17
2.237981921,1.07E+17
2.242028905,1.05E+17
2.246090551,1.07E+17
2.250166941,1.04E+17
2.254258153,1.04E+17
2.25836427,1.04E+17
2.262485373,1.01E+17
2.266621544,1.03E+17
2.270772865,1.01E+17
2.274939421,1.01E+17
2.279121295,1.03E+17
2.283318572,9.92E+16
2.287531336,1.00E+17
2.291759675,9.16E+16
2.296003675,9.48E+16
2.300263422,9.76E+16
2.304539004,9.95E+16
2.308830511,9.42E+16
2.31313803,1.01E+17
2.317461653,9.66E+16
2.321801469,9.46E+16
2.326157569,8.78E+16
2.330530046,9.78E+16
2.334918991,9.90E+16
2.339324499,9.34E+16
2.343746662,9.66E+16
2.348185576,9.18E+16
2.352641336,7.97E+16
2.357114039,9.07E+16
2.36160378,9.27E+16
2.366110657,9.29E+16
2.370634769,8.59E+16
2.375176215,9.06E+16
2.379735095,8.81E+16
2.384311508,8.70E+16
2.388905557,7.92E+16
2.393517344,8.13E+16
2.398146972,7.07E+16
2.402794543,8.62E+16
2.407460164,8.49E+16
2.412143938,8.21E+16
2.416845973,8.34E+16
2.421566376,8.82E+16
2.426305253,8.54E+16
2.431062714,8.34E+16
2.435838869,8.51E+16
2.440633827,8.07E+16
2.445447701,8.23E+16
2.450280601,8.56E+16
2.455132642,8.18E+16
2.460003937,7.58E+16
2.464894601,8.09E+16
2.46980475,7.69E+16
2.4747345,7.65E+16
2.479683969,7.84E+16
2.484653275,7.82E+16
2.489642539,7.78E+16
2.49465188,7.95E+16
2.49968142,7.77E+16
2.504731281,8.12E+16
2.509801588,7.60E+16
2.514892463,7.74E+16
2.520004033,7.19E+16
2.525136424,7.50E+16
2.530289764,7.75E+16
2.535464181,6.89E+16
2.540659804,7.27E+16
2.545876765,6.68E+16
2.551115194,5.93E+16
2.556375225,7.26E+16
2.561656992,7.24E+16
2.56696063,7.34E+16
2.572286275,7.38E+16
2.577634063,7.31E+16
2.583004134,7.27E+16
2.588396627,7.10E+16
2.593811683,7.20E+16
2.599249443,6.93E+16
2.604710051,6.84E+16
2.610193651,7.04E+16
2.615700389,6.78E+16
2.621230411,6.66E+16
2.626783865,6.89E+16
2.632360901,6.50E+16
2.637961669,6.36E+16
2.643586321,6.57E+16
2.649235009,6.50E+16
2.654907889,6.19E+16
2.660605117,6.44E+16
2.666326848,6.27E+16
2.672073242,6.30E+16
2.677844459,6.46E+16
2.683640659,6.40E+16
2.689462005,6.30E+16
2.695308662,6.04E+16
2.701180794,6.04E+16
2.707078568,6.05E+16
2.713002154,6.14E+16
2.71895172,6.05E+16
2.724927438,5.82E+16
2.730929481,5.83E+16
2.736958023,5.40E+16
2.74301324,5.80E+16
2.749095309,6.02E+16
2.75520441,5.77E+16
2.761340722,5.53E+16
2.767504429,5.51E+16
2.773695714,5.40E+16
2.779914763,4.72E+16
2.786161763,5.23E+16
2.792436902,5.01E+16
2.798740371,5.10E+16
2.805072363,5.00E+16
2.811433071,4.64E+16
2.817822692,4.67E+16
2.824241422,4.04E+16
2.830689462,4.18E+16
2.837167012,4.72E+16
2.843674276,4.60E+16
2.850211458,4.16E+16
2.856778766,3.77E+16
2.863376407,4.05E+16
2.870004593,4.32E+16
2.876663537,2.58E+16
2.883353452,2.82E+16
2.890074556,3.51E+16
2.896827066,3.77E+16
2.903611205,3.71E+16
2.910427193,3.81E+16
2.917275257,3.89E+16
2.924155623,3.75E+16
2.931068521,3.74E+16
2.938014181,3.84E+16
2.944992837,3.87E+16
2.952004725,3.38E+16
2.959050082,3.66E+16
2.966129149,3.49E+16
2.973242169,3.62E+16
2.980389385,3.69E+16
2.987571047,3.56E+16
2.994787402,3.41E+16
3.002038703,3.42E+16
3.009325205,3.54E+16
3.016647164,3.31E+16
3.02400484,2.93E+16
3.031398495,3.42E+16
3.038828393,3.18E+16
3.046294802,3.02E+16
3.053797991,3.05E+16
3.061338233,3.10E+16
3.068915803,3.16E+16
3.076530978,3.09E+16
3.084184041,3.18E+16
3.091875273,3.04E+16
3.099604961,2.90E+16
3.103484316,2.85E+16
3.107373394,2.76E+16
3.111272232,2.59E+16
3.115180865,2.18E+16
3.119099332,1.61E+16
3.123027668,1.08E+16
3.126965913,1.39E+16
3.130914102,1.91E+16
3.134872274,2.16E+16
3.138840467,2.02E+16
3.142818718,1.70E+16
3.146807067,1.23E+16
3.150805551,9.43862E+15
3.154814209,1.18E+16
3.158833081,1.63E+16
3.162862205,1.94E+16
3.16690162,2.10E+16
3.170951367,2.07E+16
3.175011484,1.94E+16
3.179082011,1.92E+16
3.183162989,1.82E+16
3.187254458,1.64E+16
3.191356459,1.50E+16
3.195469032,1.51E+16
3.199592218,1.52E+16
3.203726058,1.53E+16
3.207870593,1.51E+16
3.212025866,1.45E+16
3.216191918,1.50E+16
3.22036879,1.56E+16
3.224556526,1.42E+16
3.228755168,1.17E+16
3.232964757,1.01E+16
3.237185338,1.04E+16
3.241416953,1.15E+16
3.245659645,1.33E+16
3.249913458,1.55E+16
3.254178437,1.72E+16
3.258454624,1.68E+16
3.262742064,1.56E+16
3.267040802,1.48E+16
3.271350882,1.64E+16
3.27567235,1.84E+16
3.28000525,1.88E+16
3.284349627,1.74E+16
3.288705529,1.55E+16
3.293073,1.44E+16
3.297452086,1.46E+16
3.301842834,1.40E+16
3.306245292,1.26E+16
3.310659504,1.18E+16
3.31508552,1.18E+16
3.319523385,1.18E+16
3.323973148,1.30E+16
3.328434857,1.35E+16
3.33290856,1.41E+16
3.337394305,1.50E+16
3.341892141,1.44E+16
3.346402117,1.41E+16
3.350924282,1.55E+16
3.355458686,1.53E+16
3.360005378,1.41E+16
3.364564408,1.35E+16
3.369135827,1.35E+16
3.373719685,1.43E+16
3.378316034,1.45E+16
3.382924923,1.47E+16
3.387546405,1.46E+16
3.392180532,1.36E+16
3.396827354,1.23E+16
3.401486925,1.18E+16
3.406159298,1.19E+16
3.410844524,1.14E+16
3.415542657,1.17E+16
3.42025375,1.13E+16
3.424977857,1.03E+16
3.429715033,9.77411E+15
3.434465331,9.93762E+15
3.439228805,1.08E+16
3.444005512,1.13E+16
3.448795506,1.07E+16
3.453598842,8.82071E+15
3.458415577,7.46931E+15
3.463245766,8.01189E+15
3.468089467,8.57369E+15
3.472946735,8.43764E+15
3.477817628,9.55552E+15
3.482702203,1.01E+16
3.487600519,1.08E+16
3.492512632,1.11E+16
3.497438602,1.11E+16
3.502378487,1.09E+16
3.507332346,1.03E+16
3.512300239,9.29434E+15
3.517282225,8.7075E+15
3.522278365,9.17148E+15
3.527288718,9.34951E+15
3.532313346,9.68717E+15
3.537352309,9.92014E+15
3.54240567,9.19133E+15
3.547473489,8.28651E+15
3.552555829,8.03681E+15
3.557652753,8.30684E+15
3.562764323,8.12997E+15
3.567890602,8.12275E+15
3.573031655,8.38122E+15
3.578187545,8.21887E+15
3.583358336,8.03551E+15
3.588544094,8.19396E+15
3.593744882,7.65258E+15
3.598960767,6.69122E+15
3.604191815,6.916E+15
3.609438091,7.99933E+15
3.614699663,8.43633E+15
3.619976597,8.28171E+15
3.62526896,7.94778E+15
3.630576821,7.58972E+15
3.635900247,7.58928E+15
3.641239308,8.02591E+15
3.646594072,8.00801E+15
3.651964608,7.53834E+15
3.657350986,7.33251E+15
3.662753277,7.16972E+15
3.668171551,6.80623E+15
3.67360588,6.25161E+15
3.679056333,5.80879E+15
3.684522985,5.912E+15
3.690005906,6.39472E+15
3.695505169,6.94796E+15
3.701020849,7.08104E+15
3.706553017,6.76384E+15
3.712101749,6.27788E+15
3.717667119,6.13331E+15
3.723249202,6.43861E+15
3.728848073,6.55518E+15
3.734463808,6.48167E+15
3.740096484,6.18367E+15
3.745746176,5.92838E+15
3.751412963,6.27357E+15
3.757096922,6.87827E+15
3.762798132,6.80914E+15
3.76851667,6.10685E+15
3.774252616,5.34916E+15
3.78000605,5.03134E+15
3.785777051,5.48601E+15
3.791565701,5.6513E+15
3.797372081,5.75487E+15
3.803196271,5.36244E+15
3.809038354,4.5419E+15
3.814898413,3.88792E+15
3.820776531,3.92925E+15
3.826672791,3.80284E+15
3.832587278,3.41742E+15
3.838520075,2.90424E+15
3.844471269,2.95655E+15
3.850440945,3.00979E+15
3.856429189,3.21707E+15
3.862436088,3.36069E+15
3.86846173,3.27831E+15
3.874506201,2.73107E+15
3.880569591,2.59407E+15
3.886651989,2.69803E+15
3.892753483,2.43887E+15
3.898874165,2.29722E+15
3.905014124,2.371E+15
3.911173452,2.21923E+15
3.917352241,1.93558E+15
3.923550583,1.58203E+15
3.929768572,1.5095E+15
3.936006299,1.72912E+15
3.942263861,1.64954E+15
3.948541351,1.50454E+15
3.954838865,1.34574E+15
3.961156499,1.33632E+15
3.96749435,1.22651E+15
3.973852514,1.15148E+15
3.980231089,1.03187E+15
3.986630175,1.01276E+15
3.993049869,7.96614E+14
3.999490272,6.16158E+14
4.005951484,5.21299E+14
4.012433606,4.8557E+14
4.01893674,4.93898E+14
4.025460988,4.48875E+14
4.032006453,4.20697E+14
4.038573239,3.27176E+14
4.04516145,2.46772E+14
4.051771191,2.16121E+14
4.058402567,2.16707E+14
4.065055686,1.89655E+14
4.071730655,1.37024E+14
4.07842758,1.08027E+14
4.085146571,1.01926E+14
4.091887737,8.01321E+13
4.098651188,4.81485E+13
4.105437034,3.26659E+13
4.112245388,2.995E+13
4.11907636,2.13705E+13
4.125930064,1.3717E+13
4.132806614,1.11875E+13
4.139706125,9.38835E+12
4.14662871,5.34112E+12
4.153574487,3.86491E+12
4.160543572,3.11476E+12
4.167536082,1.98938E+12
4.174552136,1.02968E+12
4.181591853,7.55083E+11
4.188655352,5.04433E+11
4.195742756,2.91528E+11
4.202854184,1.28108E+11
4.20998976,68355069181
4.217149607,43071796073
4.224333848,23309931953
4.231542609,8830903899
4.238776015,4337203764
4.246034193,2712227756
4.25331727,1097530913
4.260625376,350710443.9
4.267958638,137195256.3
4.275317187,59582194.98
4.282701155,20440890.13
4.290110672,5514279.567
4.297545873,1673255.569
4.30500689,604616.9109
4.312493859,105200.1813
4.320006914,26268.16959
4.327546193,8003.759088
4.335111833,1299.774744
4.342703973,402.6404259
4.350322752,75.32717587
4.35796831,23.23993888
4.36564079,6.75876131
4.373340333,0.327136027
4.381067082,0.1698086
4.388821183,0.041592246
4.396602781,0.010877442
4.404412022,0.001418533
4.412249055,5.13E-05
4.420114026,1.10E-05
4.428007087,4.22E-07
