199.97546,0
200.17692,0
200.37839,0
200.57989,0
200.7814,0
200.98293,0
201.18448,0
201.38605,0
201.58764,0
201.78925,0
201.99087,0
202.19252,0
202.39418,0
202.59586,0
202.79756,0
202.99928,0
203.20102,0
203.40278,0
203.60455,0
203.80635,0
204.00816,0
204.20999,0
204.41184,0
204.61371,0
204.8156,0
205.0175,0
205.21943,0
205.42137,0
205.62334,0
205.82532,0
206.02732,0
206.22934,0
206.43137,0
206.63343,0
206.83551,0
207.0376,0
207.23971,0
207.44184,0
207.64399,0
207.84616,0
208.04835,0
208.25055,0
208.45278,0
208.65502,0
208.85728,0
209.05956,0
209.26186,0
209.46418,0
209.66651,0
209.86887,0
210.07124,0
210.27363,0
210.47604,0
210.67847,0
210.88092,0
211.08338,0
211.28587,0
211.48837,0
211.69089,0
211.89343,0
212.09599,0
212.29857,0
212.50117,0
212.70378,0
212.90641,0
213.10907,0
213.31174,0
213.51442,0
213.71713,0
213.91986,0
214.1226,0
214.32537,0
214.52815,0
214.73095,0
214.93376,0
215.1366,0
215.33946,0
215.54233,0
215.74522,0
215.94813,0
216.15106,0
216.35401,0
216.55698,0
216.75996,0
216.96297,0
217.16599,0
217.36903,0
217.57209,0
217.77517,0
217.97826,0
218.18138,0
218.38451,0
218.58766,0
218.79083,0
218.99402,0
219.19722,0
219.40045,0
219.60369,0
219.80695,0
220.01023,0
220.21353,0
220.41685,0
220.62018,0
220.82354,0
221.02691,0
221.2303,0
221.43371,0
221.63713,0
221.84058,0
222.04404,0
222.24753,0
222.45103,0
222.65455,0
222.85808,0
223.06164,0
223.26521,0
223.46881,0
223.67242,0
223.87605,0
224.07969,0
224.28336,0
224.48704,0
224.69075,0
224.89447,0
225.0982,0
225.30196,0
225.50574,0
225.70953,0
225.91334,0
226.11717,0
226.32102,0
226.52489,0
226.72878,0
226.93268,0
227.1366,0
227.34054,0
227.5445,0
227.74848,0
227.95247,0
228.15649,0
228.36052,0
228.56457,0
228.76863,0
228.97272,0
229.17683,0
229.38095,0
229.58509,0
229.78925,0
229.99343,0
230.19762,0
230.40183,0
230.60607,0
230.81032,0
231.01459,0
231.21887,0
231.42318,0
231.6275,0
231.83184,0
232.0362,0
232.24058,0
232.44497,0
232.64939,0
232.85382,0
233.05827,0
233.26274,0
233.46722,0
233.67173,0
233.87625,0
234.08079,0
234.28535,0
234.48993,0
234.69452,0
234.89914,0
235.10377,0
235.30842,0
235.51309,0
235.71777,0
235.92248,0
236.1272,0
236.33194,0
236.5367,0
236.74147,0
236.94627,0
237.15108,0
237.35591,0
237.56076,0
237.76563,0
237.97051,0
238.17541,0
238.38033,0
238.58527,0
238.79023,0
238.9952,0
239.2002,0
239.40521,0
239.61024,0
239.81529,0
240.02035,0
240.22543,0
240.43053,0
240.63565,0
240.84079,0
241.04595,0
241.25112,0
241.45631,0
241.66152,0
241.86675,0
242.07199,0
242.27726,0
242.48254,0
242.68784,0
242.89315,0
243.09849,0
243.30384,0
243.50921,0
243.7146,0
243.92001,0
244.12543,0
244.33087,0
244.53633,0
244.74181,0
244.94731,0
245.15282,0
245.35836,0
245.56391,0
245.76948,0
245.97506,0
246.18067,0
246.38629,0
246.59193,0
246.79758,0
247.00326,0
247.20895,0
247.41466,0
247.62039,0
247.82614,0
248.03191,0
248.23769,0
248.44349,0
248.64931,0
248.85514,0
249.061,0
249.26687,0
249.47276,0
249.67867,0
249.88459,0
250.09054,0
250.2965,0
250.50248,0
250.70847,0
250.91449,0
251.12052,0
251.32657,0
251.53264,0
251.73872,0
251.94483,0
252.15095,0
252.35709,0
252.56325,0
252.76942,0
252.97561,0
253.18182,0
253.38805,0
253.5943,0
253.80056,0
254.00684,0
254.21314,0
254.41946,0
254.62579,0
254.83214,0
255.03851,0
255.2449,0
255.45131,0
255.65773,0
255.86417,0
256.07063,0
256.27711,0
256.4836,0
256.69011,0
256.89664,0
257.10319,0
257.30975,0
257.51634,0
257.72294,0
257.92955,0
258.13619,0
258.34284,0
258.54951,0
258.7562,0
258.96291,0
259.16963,0
259.37637,0
259.58313,0
259.78991,0
259.9967,0
260.20351,0
260.41034,0
260.61719,0
260.82406,0
261.03094,0
261.23784,0
261.44476,0
261.65169,0
261.85864,0
262.06561,0
262.2726,0
262.47961,0
262.68663,0
262.89367,0
263.10073,0
263.30781,0
263.5149,0
263.72201,0
263.92914,0
264.13629,0
264.34345,0
264.55063,0
264.75783,0
264.96505,0
265.17228,0
265.37953,0
265.5868,0
265.79409,0
266.00139,0
266.20871,0
266.41605,0
266.62341,0
266.83078,0
267.03817,0
267.24558,0
267.45301,0
267.66045,0
267.86791,0
268.07539,0
268.28289,0
268.4904,0
268.69793,0
268.90548,0
269.11305,0
269.32063,0
269.52823,0
269.73585,0
269.94349,0
270.15114,0
270.35881,0
270.5665,0
270.77421,0
270.98193,0
271.18967,0
271.39743,0
271.60521,0
271.813,0
272.02081,0
272.22864,0
272.43648,0
272.64434,0
272.85222,0
273.06012,0
273.26804,0
273.47597,0
273.68392,0
273.89188,0
274.09987,0
274.30787,0
274.51589,0
274.72392,0
274.93198,0
275.14005,0
275.34814,0
275.55624,0
275.76437,0
275.97251,0
276.18066,0
276.38884,0
276.59703,0
276.80524,0
277.01347,0
277.22171,0
277.42997,0
277.63825,0
277.84655,0
278.05486,0
278.26319,0
278.47154,0
278.6799,0
278.88829,0
279.09669,0
279.3051,0
279.51354,0
279.72199,0
279.93046,0
280.13894,0
280.34745,0
280.55597,0
280.7645,0
280.97306,0
281.18163,0
281.39022,0
281.59883,0
281.80745,0
282.01609,0
282.22475,0
282.43342,0
282.64212,0
282.85083,0
283.05955,0
283.2683,0
283.47706,0
283.68584,0
283.89463,0
284.10345,0
284.31228,0
284.52112,0
284.72999,0
284.93887,0
285.14777,0
285.35668,0
285.56562,0
285.77457,0
285.98353,0
286.19252,0
286.40152,0
286.61054,0
286.81957,0
287.02863,0
287.2377,0
287.44678,0
287.65589,0
287.86501,0
288.07415,0
288.2833,0
288.49248,0
288.70167,0
288.91087,0
289.1201,0
289.32934,0
289.53859,0
289.74787,0
289.95716,0
290.16647,0
290.3758,0
290.58514,0
290.7945,0
291.00388,0
291.21327,0
291.42268,0
291.63211,0
291.84156,0
292.05102,0
292.2605,0
292.47,0
292.67951,0
292.88904,0
293.09859,0
293.30815,0
293.51773,0
293.72733,0
293.93695,0
294.14658,0
294.35623,0
294.56589,0
294.77558,0
294.98528,0
295.195,0
295.40473,0
295.61448,0
295.82425,0
296.03403,0
296.24384,0
296.45366,0
296.66349,0
296.87334,0
297.08321,0
297.2931,0
297.503,0
297.71292,0
297.92286,0
298.13282,0
298.34279,0
298.55277,0
298.76278,0
298.9728,0
299.18284,0
299.3929,0
299.60297,0
299.81306,0
300.02316,0
300.23329,0
300.44343,0
300.65358,0
300.86376,0
301.07395,0
301.28416,0
301.49438,0
301.70462,0
301.91488,0
302.12515,0
302.33544,0
302.54575,0
302.75608,0
302.96642,0
303.17678,0
303.38715,0
303.59755,0
303.80796,0
304.01838,0
304.22882,0
304.43928,0
304.64976,0
304.86025,0
305.07076,0
305.28129,0
305.49183,0
305.70239,0
305.91297,0
306.12356,0
306.33417,0
306.5448,0
306.75545,0
306.96611,0
307.17678,0
307.38748,0
307.59819,0
307.80892,0
308.01966,0
308.23042,0
308.4412,0
308.65199,0
308.8628,0
309.07363,0
309.28448,0
309.49534,0
309.70622,0
309.91711,0
310.12802,0
310.33895,0
310.54989,0
310.76085,0
310.97183,0
311.18283,0
311.39384,0
311.60487,0
311.81591,0
312.02697,0
312.23805,0
312.44914,0
312.66025,0
312.87138,0
313.08253,0
313.29369,0
313.50486,0
313.71606,0
313.92727,0
314.1385,0
314.34974,0
314.561,0
314.77228,0
314.98357,0
315.19488,0
315.40621,0
315.61755,0
315.82891,0
316.04029,0
316.25168,0
316.46309,0
316.67452,0
316.88596,0
317.09742,0
317.3089,0
317.52039,0
317.7319,0
317.94342,0
318.15496,0
318.36652,0
318.5781,0
318.78969,0
319.0013,0
319.21292,0
319.42456,0
319.63622,0
319.84789,0
320.05958,0
320.27129,0
320.48302,0
320.69476,0
320.90651,0
321.11828,0
321.33007,0
321.54188,0
321.7537,0
321.96554,0
322.1774,0
322.38927,0
322.60116,0
322.81306,0
323.02498,0
323.23692,0
323.44887,0
323.66084,0
323.87283,0
324.08483,0
324.29685,0
324.50889,0
324.72094,0
324.93301,0
325.14509,0
325.35719,0
325.56931,0
325.78145,0
325.9936,0
326.20576,0
326.41795,0
326.63015,0
326.84236,0
327.0546,0
327.26684,0
327.47911,0
327.69139,0
327.90369,0
328.116,0
328.32833,0
328.54068,0
328.75304,0
328.96542,0
329.17782,0
329.39023,0
329.60266,0
329.8151,0
330.02756,0
330.24004,0
330.45253,0
330.66504,0
330.87757,0
331.09011,0
331.30267,0
331.51525,0
331.72784,0
331.94045,0
332.15307,0
332.36571,0
332.57837,0
332.79104,0
333.00373,0
333.21643,0
333.42915,0
333.64189,0
333.85464,0
334.06741,0
334.2802,0
334.493,0
334.70582,0
334.91866,0
335.13151,0
335.34437,0
335.55726,0
335.77016,0
335.98307,0
336.196,0
336.40895,0
336.62192,0
336.8349,0
337.04789,0
337.26091,0
337.47394,0
337.68698,0
337.90004,0
338.11312,0
338.32621,0
338.53932,0
338.75245,0
338.96559,0
339.17875,0
339.39192,0
339.60511,0
339.81832,0
340.03154,0
340.24478,0
340.45804,0
340.67131,0
340.88459,0
341.0979,0
341.31122,0
341.52455,0
341.7379,0
341.95127,0
342.16465,0
342.37805,0
342.59147,0
342.8049,0
343.01835,0
343.23181,0
343.44529,0
343.65879,0
343.8723,0
344.08583,0
344.29937,0
344.51293,0
344.72651,0
344.9401,0
345.15371,0
345.36733,0
345.58097,0
345.79463,0
346.0083,0
346.22199,0
346.43569,0
346.64941,0
346.86315,0
347.0769,0
347.29067,0
347.50446,0
347.71826,0
347.93207,0
348.1459,0
348.35975,0
348.57362,0
348.78749,0
349.00139,0
349.2153,0
349.42923,0
349.64317,0
349.85713,0
350.07111,0
350.2851,0
350.49911,0
350.71313,0
350.92717,0
351.14122,0
351.3553,0
351.56938,0
351.78349,0
351.9976,0
352.21174,0
352.42589,0
352.64005,0
352.85424,0
353.06844,0
353.28265,0
353.49688,0
353.71112,0
353.92539,0
354.13966,0
354.35396,0
354.56827,0
354.78259,0
354.99693,0
355.21129,0
355.42566,0
355.64005,0
355.85445,0
356.06887,0
356.28331,0
356.49776,0
356.71223,0
356.92671,0
357.14121,0
357.35572,0
357.57025,0
357.7848,0
357.99936,0
358.21394,0
358.42853,0
358.64314,0
358.85777,0
359.07241,0
359.28706,0
359.50173,0
359.71642,0
359.93113,0
360.14585,0
360.36058,0
360.57533,0
360.7901,0
361.00488,0
361.21968,0
361.43449,0
361.64932,0
361.86417,0
362.07903,0
362.29391,0
362.5088,0
362.72371,0
362.93863,0
363.15357,0
363.36852,0
363.58349,0
363.79848,0
364.01348,0
364.2285,0
364.44353,0
364.65858,0
364.87365,0
365.08873,0
365.30382,0
365.51894,0
365.73406,0
365.94921,0
366.16436,0
366.37954,0
366.59473,0
366.80993,0
367.02515,0
367.24039,0
367.45564,0
367.67091,0
367.88619,0
368.10149,0
368.31681,0
368.53214,0
368.74748,0
368.96285,0
369.17822,0
369.39361,0
369.60902,0
369.82445,0
370.03989,0
370.25534,0
370.47081,0
370.6863,0
370.9018,0
371.11731,0
371.33285,0
371.54839,0
371.76396,0
371.97954,0
372.19513,0
372.41074,0
372.62637,0
372.84201,0
373.05766,0
373.27334,0
373.48902,0
373.70473,0
373.92044,0
374.13618,0
374.35193,0
374.56769,0
374.78347,0
374.99927,0
375.21508,0
375.43091,0
375.64675,0
375.86261,0
376.07848,0
376.29437,0
376.51027,0
376.72619,0
376.94213,0
377.15808,0
377.37404,0
377.59002,0
377.80602,0
378.02203,0
378.23806,0
378.4541,0
378.67016,0
378.88623,0
379.10232,0
379.31842,0
379.53454,0
379.75068,0
379.96683,0
380.183,0
380.39918,0
380.61537,0
380.83158,0
381.04781,0.00397
381.26405,-0.00647
381.48031,0.00189
381.69659,-0.00435
381.91287,0.0034
382.12918,-0.00297
382.3455,0.00293
382.56183,-0.00308
382.77818,0.00377
382.99455,-0.000975127
383.21093,0.00265
383.42732,-0.00558
383.64373,0.00259
383.86016,-0.00427
384.0766,0.00328
384.29306,-0.00414
384.50953,0.00339
384.72602,-0.000909395
384.94252,0.00232
385.15904,-0.00392
385.37557,0.00071057
385.59212,-0.00493
385.80868,0.00239
386.02526,-0.00264
386.24186,0.00199
386.45847,-0.00268
386.67509,0.0019
386.89173,-0.00382
387.10839,0.00273
387.32506,-0.00117
387.54174,0.00252
387.75844,-0.00178
387.97516,0.000741093
388.19189,-0.00193
388.40864,0.00215
388.6254,-0.00211
388.84218,0.00147
389.05897,-0.00277
389.27578,0.000951222
389.4926,-0.00367
389.70944,0.00208
389.92629,-0.00228
390.14316,0.00224
390.36004,-0.0021
390.57694,0.000982116
390.79385,-0.00268
391.01078,0.00289
391.22773,-0.00292
391.44469,0.00251
391.66166,-0.000180371
391.87865,0.00143
392.09566,-0.00188
392.31268,0.00228
392.52971,-0.00328
392.74676,0.000521219
392.96383,-0.000906929
393.18091,0.0023
393.398,-0.00256
393.61511,0.0035
393.83224,-0.00208
394.04938,0.00425
394.26653,-0.002
394.48371,0.00235
394.70089,-0.00148
394.91809,0.00429
395.13531,-0.00353
395.35254,0.00364
395.56979,-0.0029
395.78705,0.00248
396.00433,-0.00123
396.22162,0.0037
396.43892,-0.00113
396.65625,0.00163
396.87358,-0.00388
397.09094,0.0021
397.3083,-0.00274
397.52568,0.00396
397.74308,2.69946E-05
397.96049,0.00129
398.17792,-0.00271
398.39536,0.00333
398.61282,-0.000881717
398.83029,0.00355
399.04778,-0.000678909
399.26528,0.00282
399.4828,-0.00203
399.70033,0.00195
399.91788,-0.000832589
400.13544,0.00233
400.35302,-0.00114
400.57061,0.00189
400.78822,-0.0018
401.00584,0.00217
401.22348,0.00069979
401.44113,0.0036
401.6588,0.000127198
401.87648,0.00399
402.09418,-0.00143
402.31189,0.00326
402.52962,-0.000278778
402.74736,0.00241
402.96512,-6.29024E-05
403.18289,0.00377
403.40067,-0.00051369
403.61848,0.00289
403.83629,-0.00016257
404.05412,0.00529
404.27197,0.000439323
404.48983,0.00378
404.70771,0.000642383
404.9256,0.00517
405.14351,0.000926381
405.36143,0.00526
405.57936,0.000802894
405.79731,0.00262
406.01528,0.000794719
406.23326,0.00557
406.45126,0.00137
406.66927,0.00609
406.88729,0.00151
407.10533,0.00523
407.32339,0.00195
407.54146,0.00543
407.75954,0.00347
407.97764,0.00687
408.19576,0.00294
408.41389,0.00478
408.63203,0.0081
408.85019,0.00453
409.06836,0.00896
409.28655,0.00447
409.50476,0.0093
409.72297,0.00614
409.94121,0.00957
410.15946,0.00695
410.37772,0.00979
410.596,0.00827
410.81429,0.01153
411.0326,0.0081
411.25092,0.01333
411.46925,0.00947
411.68761,0.01309
411.90597,0.01158
412.12435,0.01468
412.34275,0.0122
412.56116,0.01584
412.77959,0.01338
412.99803,0.01676
413.21648,0.0165
413.43495,0.019
413.65344,0.01658
413.87193,0.02096
414.09045,0.01904
414.30898,0.024
414.52752,0.02074
414.74608,0.02393
414.96465,0.02256
415.18324,0.02732
415.40184,0.02583
415.62046,0.02978
415.83909,0.0305
416.05774,0.03474
416.2764,0.03206
416.49508,0.03858
416.71377,0.03642
416.93247,0.04182
417.15119,0.03888
417.36993,0.04494
417.58868,0.04452
417.80744,0.04976
418.02622,0.04661
418.24501,0.05257
418.46382,0.0509
418.68264,0.05893
418.90148,0.05684
419.12033,0.06281
419.3392,0.06279
419.55808,0.06892
419.77698,0.06767
419.99589,0.07354
420.21481,0.07271
420.43375,0.08017
420.65271,0.0803
420.87167,0.0876
421.09066,0.08598
421.30966,0.09275
421.52867,0.09316
421.7477,0.10149
421.96674,0.10352
422.1858,0.11033
422.40487,0.11208
422.62395,0.12022
422.84305,0.12325
423.06217,0.12993
423.2813,0.13288
423.50044,0.1417
423.7196,0.14646
423.93878,0.15534
424.15796,0.1623
424.37717,0.17388
424.59638,0.17838
424.81561,0.18633
425.03486,0.18941
425.25412,0.20122
425.4734,0.20611
425.69269,0.21356
425.91199,0.21796
426.13131,0.23243
426.35064,0.23647
426.56999,0.25144
426.78935,0.25279
427.00873,0.26216
427.22812,0.26954
427.44753,0.27713
427.66695,0.27603
427.88638,0.29025
428.10583,0.29504
428.3253,0.30869
428.54477,0.31279
428.76427,0.32771
428.98377,0.33918
429.2033,0.35433
429.42283,0.36167
429.64238,0.3819
429.86195,0.38668
430.08153,0.40661
430.30112,0.41794
430.52073,0.43183
430.74035,0.44797
430.95999,0.46908
431.17964,0.48596
431.39931,0.50826
431.61899,0.51551
431.83868,0.53062
432.05839,0.53488
432.27812,0.54812
432.49785,0.55549
432.71761,0.57733
432.93737,0.59063
433.15716,0.61068
433.37695,0.6241
433.59676,0.64552
433.81659,0.65971
434.03643,0.6807
434.25628,0.68457
434.47615,0.69448
434.69603,0.70251
434.91593,0.72172
435.13584,0.74594
435.35576,0.77456
435.5757,0.78936
435.79565,0.80832
436.01562,0.81924
436.23561,0.83512
436.4556,0.83911
436.67561,0.84854
436.89564,0.862
437.11568,0.87499
437.33573,0.87809
437.5558,0.90441
437.77589,0.91744
437.99598,0.9414
438.21609,0.95671
438.43622,0.97339
438.65636,0.96829
438.87651,0.98656
439.09668,0.98112
439.31687,0.98392
439.53706,0.97852
439.75727,0.98834
439.9775,0.99085
440.19774,0.9963
440.41799,0.99135
440.63826,1
440.85855,0.99274
441.07884,0.9988
441.29915,0.99371
441.51948,0.99133
441.73982,0.98545
441.96017,0.98928
442.18054,0.99304
442.40092,0.99721
442.62132,0.99642
442.84173,0.99329
443.06216,0.96966
443.2826,0.94478
443.50305,0.91754
443.72352,0.89372
443.944,0.86885
444.1645,0.85159
444.38501,0.84765
444.60553,0.83074
444.82607,0.81552
445.04662,0.81103
445.26719,0.80518
445.48777,0.80216
445.70837,0.80156
445.92898,0.79424
446.1496,0.78337
446.37024,0.77714
446.59089,0.7596
446.81156,0.73351
447.03224,0.69837
447.25293,0.67922
447.47364,0.64734
447.69436,0.63234
447.9151,0.61651
448.13585,0.60986
448.35662,0.59434
448.5774,0.58326
448.79819,0.56552
449.019,0.55392
449.23982,0.54141
449.46065,0.52732
449.6815,0.51138
449.90237,0.50338
450.12325,0.49233
450.34414,0.48488
450.56504,0.46866
450.78597,0.46553
451.0069,0.45344
451.22785,0.44457
451.44881,0.43029
451.66979,0.42493
451.89078,0.41148
452.11178,0.40027
452.3328,0.38766
452.55383,0.37802
452.77488,0.36257
452.99594,0.35255
453.21702,0.33695
453.43811,0.33226
453.65921,0.3224
453.88032,0.31388
454.10146,0.3023
454.3226,0.2964
454.54376,0.288
454.76493,0.28228
454.98612,0.27085
455.20732,0.26793
455.42854,0.26017
455.64976,0.25843
455.87101,0.2473
456.09226,0.24492
456.31354,0.23981
456.53482,0.23841
456.75612,0.23043
456.97743,0.22751
457.19876,0.22329
457.4201,0.21948
457.64145,0.21059
457.86282,0.20653
458.08421,0.19953
458.3056,0.19711
458.52701,0.191
458.74844,0.1897
458.96988,0.18581
459.19133,0.18221
459.41279,0.17663
459.63427,0.17478
459.85577,0.16867
460.07728,0.16718
460.2988,0.16239
460.52033,0.16055
460.74188,0.15558
460.96345,0.15605
461.18502,0.15106
461.40662,0.1497
461.62822,0.14327
461.84984,0.13939
462.07147,0.13238
462.29312,0.12921
462.51478,0.12312
462.73645,0.12198
462.95814,0.11593
463.17984,0.11521
463.40156,0.10931
463.62329,0.10809
463.84503,0.10076
464.06679,0.09856
464.28856,0.09247
464.51035,0.0924
464.73215,0.08821
464.95396,0.08666
465.17579,0.08749
465.39763,0.08382
465.61948,0.08384
465.84135,0.07999
466.06323,0.08068
466.28513,0.07663
466.50704,0.07618
466.72896,0.0744
466.9509,0.07452
467.17285,0.07113
467.39481,0.07118
467.61679,0.06753
467.83878,0.06825
468.06079,0.06472
468.28281,0.06326
468.50484,0.06022
468.72689,0.06077
468.94895,0.05816
469.17103,0.05869
469.39312,0.05588
469.61522,0.05601
469.83733,0.05362
470.05946,0.05295
470.28161,0.05122
470.50376,0.05122
470.72594,0.04825
470.94812,0.04885
471.17032,0.04608
471.39253,0.0463
471.61476,0.04213
471.837,0.04322
472.05925,0.04055
472.28152,0.0418
472.5038,0.03918
472.72609,0.03864
472.9484,0.03759
473.17072,0.03668
473.39305,0.0344
473.6154,0.03478
473.83777,0.03374
474.06014,0.03409
474.28253,0.03136
474.50494,0.03263
474.72735,0.03064
474.94978,0.03227
475.17223,0.02987
475.39469,0.03061
475.61716,0.02886
475.83964,0.03001
476.06214,0.02769
476.28465,0.02736
476.50718,0.02635
476.72972,0.02685
476.95227,0.02508
477.17484,0.0259
477.39742,0.02344
477.62001,0.02524
477.84262,0.02318
478.06524,0.02353
478.28788,0.02147
478.51053,0.02198
478.73319,0.02056
478.95586,0.02113
479.17855,0.01948
479.40126,0.01982
479.62397,0.01782
479.8467,0.01966
480.06945,0.01764
480.2922,0.01812
480.51497,0.01676
480.73776,0.01779
480.96056,0.01625
481.18337,0.01729
481.40619,0.01521
481.62903,0.01668
481.85188,0.01517
482.07475,0.01557
482.29763,0.01355
482.52052,0.01506
482.74342,0.0131
482.96634,0.0147
483.18928,0.01211
483.41222,0.01391
483.63518,0.01149
483.85815,0.01319
484.08114,0.01145
484.30414,0.01283
484.52715,0.01054
484.75018,0.01261
484.97322,0.01042
485.19628,0.01132
485.41934,0.0096
485.64242,0.01162
485.86552,0.00958
486.08863,0.01049
486.31175,0.00954
486.53488,0.01059
486.75803,0.0081
486.98119,0.00928
487.20437,0.00783
487.42756,0.00914
487.65076,0.00773
487.87397,0.00932
488.0972,0.00774
488.32044,0.0092
488.5437,0.0075
488.76697,0.00855
488.99025,0.00806
489.21354,0.00826
489.43685,0.0064
489.66018,0.00766
489.88351,0.00588
490.10686,0.00817
490.33022,0.00637
490.5536,0.00774
490.77699,0.00616
491.00039,0.00719
491.22381,0.00556
491.44724,0.00682
491.67068,0.00522
491.89413,0.00702
492.1176,0.00495
492.34109,0.00648
492.56458,0.00552
492.78809,0.00671
493.01161,0.00512
493.23515,0.00602
493.4587,0.00471
493.68226,0.00599
493.90584,0.00461
494.12943,0.00582
494.35303,0.0046
494.57664,0.00576
494.80027,0.00374
495.02391,0.00575
495.24757,0.00401
495.47124,0.0059
495.69492,0.00373
495.91862,0.00604
496.14232,0.00399
496.36605,0.0049
496.58978,0.00421
496.81353,0.0048
497.03729,0.00366
497.26107,0.00472
497.48485,0.00374
497.70866,0.00409
497.93247,0.00338
498.1563,0.00483
498.38014,0.00313
498.60399,0.00433
498.82786,0.0029
499.05174,0.0043
499.27564,0.00297
499.49954,0.00434
499.72346,0.00327
499.9474,0.00432
500.17134,0.00302
500.3953,0.0037
500.61928,0.00302
500.84326,0.00427
501.06726,0.00249
501.29127,0.00379
501.5153,0.00242
501.73934,0.00387
501.96339,0.00243
502.18745,0.00353
502.41153,0.00268
502.63562,0.00366
502.85973,0.00184
503.08385,0.00328
503.30798,0.00224
503.53212,0.00358
503.75628,0.00248
503.98045,0.00329
504.20463,0.00206
504.42883,0.00276
504.65304,0.00217
504.87726,0.00314
505.1015,0.00201
505.32575,0.00306
505.55001,0.00262
505.77428,0.00297
505.99857,0.00206
506.22287,0.00357
506.44719,0.0022
506.67151,0.00314
506.89585,0.00197
507.12021,0.00287
507.34457,0.00182
507.56895,0.00278
507.79335,0.00141
508.01775,0.00312
508.24217,0.00159
508.4666,0.00246
508.69105,0.00178
508.91551,0.00288
509.13998,0.00188
509.36446,0.0028
509.58896,0.00186
509.81347,0.00318
510.03799,0.00187
510.26253,0.00272
510.48708,0.00173
510.71164,0.00257
510.93621,0.00197
511.1608,0.00241
511.3854,0.00152
511.61002,0.00235
511.83464,0.00183
512.05928,0.00253
512.28394,0.00143
512.5086,0.00227
512.73328,0.00138
512.95797,0.00264
513.18268,0.00158
513.4074,0.00221
513.63213,0.00117
513.85687,0.00299
514.08163,0.00132
514.3064,0.00233
514.53118,0.000978646
514.75597,0.00214
514.98078,0.00111
515.2056,0.00212
515.43044,0.000859156
515.65529,0.00193
515.88015,0.00098656
516.10502,0.00265
516.3299,0.00090597
516.5548,0.00194
516.77972,0.00109
517.00464,0.00192
517.22958,0.00141
517.45453,0.00229
517.67949,0.00162
517.90447,0.00205
518.12946,0.000439014
518.35446,0.0024
518.57947,0.000751827
518.8045,0.00189
519.02954,0.000927249
519.25459,0.00233
519.47966,0.00106
519.70474,0.00208
519.92983,0.000906829
520.15493,0.00212
520.38005,0.00108
520.60518,0.00193
520.83033,0.000535039
521.05548,0.00226
521.28065,0.00092755
521.50583,0.00196
521.73103,0.000987906
521.95623,0.000588168
522.18145,0.00211
522.40669,0.000830928
522.63193,0.00227
522.85719,0.00124
523.08246,0.00236
523.30774,0.00102
523.53304,0.00237
523.75835,0.000705006
523.98367,0.00188
524.20901,0.000597605
524.43436,0.00183
524.65972,0.000542714
524.88509,0.00208
525.11048,0.000389013
525.33587,0.00185
525.56129,0.000887755
525.78671,0.0023
526.01215,0.00127
526.2376,0.00172
526.46306,0.000585952
526.68853,0.00171
526.91402,0.000884327
527.13952,0.00235
527.36504,0.000781755
527.59056,0.00201
527.8161,0.000714929
528.04165,0.00211
528.26722,0.00116
528.49279,0.00206
528.71838,0.000811957
528.94398,0.00206
529.1696,0.000428718
529.39523,0.00184
529.62087,0.000730688
529.84652,0.00194
530.07218,0.000553691
530.29786,0.00225
530.52355,0.000397951
530.74926,0.00198
530.97497,0.000538238
531.2007,0.002
531.42644,0.000565237
531.6522,0.00205
531.87796,0.000147267
532.10374,0.00182
532.32953,0.000496657
532.55534,0.00172
532.78116,0.000453805
533.00698,0.00163
533.23283,0.000544951
533.45868,0.00154
533.68455,0.000696469
533.91043,0.00166
534.13632,0.000147886
534.36223,0.00185
534.58815,0.00104
534.81408,0.00183
535.04002,8.43669E-05
535.26597,0.00173
535.49194,0.000422884
535.71792,0.00165
535.94392,0.000847904
536.16992,0.00148
536.39594,0.000671207
536.62197,0.00184
536.84801,0.000843689
537.07407,0.00131
537.30014,0.00013362
537.52622,0.0017
537.75231,0.00030576
537.97842,0.00141
538.20454,0.000568045
538.43067,0.00167
538.65681,0.00076917
538.88297,0.0016
539.10914,0.000506795
539.33532,0.00127
539.56151,0.000416659
539.78772,0.00157
540.01394,0.000417791
540.24017,0.00149
540.46641,0.00036332
540.69267,0.00158
540.91893,0.000458199
541.14522,0.00192
541.37151,0.000661721
541.59781,0.00122
541.82413,0.00044188
542.05046,0.00144
542.27681,0.000540169
542.50316,0.00146
542.72953,4.89502E-05
542.95591,0.00138
543.1823,0.00021176
543.40871,0.00132
543.63513,0.000516371
543.86156,0.00172
544.088,0.00068236
544.31445,0.00119
544.54092,0.000408579
544.7674,0.00147
544.99389,0.00072514
545.2204,0.00152
545.44691,0.000796569
545.67344,0.00148
545.89999,0.000377306
546.12654,0.00127
546.35311,0.000467753
546.57968,0.00138
546.80628,0.000510054
547.03288,0.00127
547.2595,0.00056835
547.48612,0.00142
547.71276,0.00037127
547.93942,0.00113
548.16608,0.0004351
548.39276,0.00125
548.61945,0.000448587
548.84615,0.00138
549.07287,0.000414062
549.29959,0.00153
549.52633,0.000667105
549.75308,0.00124
549.97985,0.000461933
550.20662,0.00138
550.43341,0.000560687
550.66021,0.00128
550.88703,0.00017239
551.11385,0.00161
551.34069,0.000310668
551.56754,0.00128
551.7944,0.00021074
552.02128,0.00137
552.24816,0.000476507
552.47506,0.00122
552.70197,0.000219117
552.9289,0.00131
553.15583,0.000321117
553.38278,0.00109
553.60974,0.000422804
553.83671,0.00133
554.0637,0.000236066
554.29069,0.00144
554.5177,0.00066511
554.74473,0.000971022
554.97176,0.000720055
555.1988,0.00107
555.42586,0.000591481
555.65293,0.00113
555.88002,0.000413502
556.10711,0.00105
556.33422,0.000298245
556.56134,0.00134
556.78847,0.000655562
557.01561,0.00136
557.24277,0.000499306
557.46993,0.0015
557.69711,5.08637E-05
557.92431,0.0011
558.15151,0.000273805
558.37873,0.00109
558.60596,0.000334116
558.8332,0.00103
559.06045,0.000183919
559.28771,0.00132
559.51499,0.000106574
559.74228,0.00132
559.96958,0.000313251
560.1969,0.00115
560.42422,0.000442581
560.65156,0.00124
560.87891,0.000446194
561.10627,0.0011
561.33365,-3.45152E-05
561.56103,0.00128
561.78843,0.000282159
562.01584,0.00128
562.24326,3.58771E-05
562.4707,0.000792241
562.69815,-5.74554E-05
562.9256,0.00104
563.15308,0.000704723
563.38056,0.00115
563.60805,0.00024171
563.83556,0.00108
564.06308,0.000380827
564.29061,0.00128
564.51815,5.29988E-05
564.74571,0.00111
564.97328,0.000281407
565.20086,0.00111
565.42845,0.000183564
565.65605,0.000815038
565.88367,5.09304E-05
566.11129,0.000892465
566.33893,0.000383511
566.56659,0.000894997
566.79425,-0.000197762
567.02192,0.00132
567.24961,0.000246114
567.47731,0.00128
567.70502,1.15651E-05
567.93275,0.00109
568.16048,0.000387682
568.38823,0.00124
568.61599,-0.000108946
568.84376,0.000666251
569.07155,0.000524261
569.29934,0.000974182
569.52715,-9.03927E-05
569.75497,0.00138
569.9828,-0.000289028
570.21064,0.000775947
570.4385,0.000375041
570.66636,0.000864894
570.89424,5.96056E-05
571.12213,0.00135
571.35004,-0.000148897
571.57795,0.00128
571.80588,0.000186896
572.03382,0.001
572.26177,6.56185E-05
572.48973,0.000664993
572.71771,0.000323721
572.94569,0.00129
573.17369,-5.26861E-06
573.4017,0.000943762
573.62972,0.000221117
573.85776,0.00103
574.0858,6.08283E-05
574.31386,0.000918337
574.54193,-0.000376791
574.77001,0.000731326
574.99811,0.000232247
575.22621,0.000659411
575.45433,0.00014545
575.68246,0.000844717
575.9106,-0.000338547
576.13875,0.00125
576.36692,-0.000130929
576.59509,0.00114
576.82328,0.000137427
577.05148,0.000788928
577.27969,0.000196147
577.50792,0.00131
577.73615,0.000112635
577.9644,0.00101
578.19266,-0.000269466
578.42093,0.00126
578.64921,4.39615E-05
578.87751,0.00101
579.10581,-0.000118867
579.33413,0.000693927
579.56246,-0.000319191
579.7908,0.000914026
580.01916,0.00111
580.24752,0.000156316
580.4759,0.00124
580.70429,-0.000575888
580.93269,0.000555602
581.1611,0.000229633
581.38952,0.000807277
581.61796,7.34596E-05
581.84641,0.00104
582.07487,0.000249262
582.30334,0.000956537
582.53182,5.57367E-05
582.76032,0.000898371
582.98882,-0.000189454
583.21734,0.000863046
583.44587,-5.23143E-05
583.67441,0.000661828
583.90297,-2.97454E-05
584.13153,0.000540978
584.36011,-0.00030288
584.58869,0.00090834
584.81729,-0.000246901
585.04591,0.000593621
585.27453,-9.42337E-05
585.50317,0.000950498
585.73181,0.000269343
585.96047,0.000753185
586.18914,-0.000145105
586.41782,0.000831035
586.64652,-0.000109995
586.87522,0.000579522
587.10394,7.76374E-06
587.33267,0.00108
587.56141,0.000204927
587.79016,0.000929997
588.01892,-0.000136837
588.2477,0.000764097
588.47648,0.000276913
588.70528,0.000749623
588.93409,0.000168456
589.16291,0.000870229
589.39175,5.37686E-05
589.62059,0.000695091
589.84945,0.000225665
590.07831,0.000956024
590.30719,-0.00013996
590.53609,0.001
590.76499,0.000397578
590.9939,0.0011
591.22283,-0.000123875
591.45177,0.000948664
591.68072,0.000137334
591.90968,0.000934718
592.13865,0.000240569
592.36763,0.000755088
592.59663,0.000103768
592.82563,0.00104
593.05465,7.49351E-06
593.28368,0.000862465
593.51272,0.000235807
593.74178,0.000849156
593.97084,-3.87022E-05
594.19992,0.00097509
594.42901,0.000079256
594.65811,0.000587115
594.88722,0.00033067
595.11634,0.00105
595.34547,-5.70068E-05
595.57462,0.000745355
595.80377,8.59526E-06
596.03294,0.000428173
596.26212,-0.000163493
596.49131,0.000814734
596.72052,-2.57612E-05
596.94973,0.000755856
597.17896,-0.000062706
597.40819,0.000848631
597.63744,3.15589E-05
597.8667,0.000617257
598.09597,-0.00008479
598.32526,0.000666678
598.55455,0.000347904
598.78386,0.000737513
599.01318,-0.000119618
599.2425,0.000825352
599.47185,-1.63492E-05
599.7012,0.00058307
599.93056,-0.000139867
600.15993,0.000399695
600.38932,-0.000180779
600.61872,0.000825247
600.84813,-0.000353496
601.07755,0.000990649
601.30698,4.00879E-05
601.53642,0.000828134
601.76588,-0.000113534
601.99534,0.000652462
602.22482,0.000396065
602.45431,0.000694703
602.68381,-1.43027E-05
602.91332,0.000678585
603.14284,-0.000143335
603.37238,0.000525841
603.60192,0.000170498
603.83148,0.000829969
604.06105,-0.000171603
604.29063,0.000499421
604.52022,-3.21743E-05
604.74982,0.000633755
604.97944,-9.17736E-05
605.20906,0.000732572
605.4387,-0.000182217
605.66835,0.000798224
605.898,-0.000121935
606.12768,0.000701113
606.35736,3.63339E-05
606.58705,0.00107
606.81675,1.02079E-05
607.04647,0.000713862
607.2762,-9.30531E-05
607.50594,0.000759926
607.73569,-0.000161121
607.96545,0.000764652
608.19522,-2.99857E-05
608.425,0.000632322
608.6548,-3.11152E-05
608.8846,0.000744948
609.11442,5.93375E-05
609.34425,0.0006236
609.57409,3.82739E-05
609.80394,0.000459241
610.0338,-0.000206766
610.26368,0.000699802
610.49356,-0.000169647
610.72346,0.000844221
610.95336,-3.87256E-05
611.18328,0.000483093
611.41321,0.00013626
611.64315,0.001
611.87311,0.000177966
612.10307,0.000779959
612.33304,-6.22683E-05
612.56303,0.000625283
612.79303,-8.23313E-05
613.02304,0.000863302
613.25306,-0.000264442
613.48309,0.000208055
613.71313,-0.000236703
613.94318,0.000142966
614.17325,-4.02249E-05
614.40332,0.000887941
614.63341,1.71331E-05
614.86351,0.000493942
615.09362,-5.97709E-06
615.32374,0.000549922
615.55387,-9.58971E-05
615.78401,0.000316
616.01416,-0.000293539
616.24433,0.000908488
616.4745,-1.99312E-05
616.70469,0.000462551
616.93489,-0.000397314
617.1651,0.000385845
617.39532,7.91638E-06
617.62555,0.000266719
617.85579,-0.000092331
618.08605,0.000429534
618.31631,-3.07916E-05
618.54659,0.000642998
618.77688,-1.63626E-05
619.00717,0.000851486
619.23748,5.14654E-05
619.4678,0.000565791
619.69814,-1.53306E-05
619.92848,0.000641529
620.15883,0.000178795
620.3892,0.000583772
620.61957,-0.000261904
620.84996,0.000578126
621.08036,-6.34867E-05
621.31077,0.000769039
621.54119,1.79125E-05
621.77162,0.00072249
622.00206,1.48989E-05
622.23252,0.000684837
622.46298,-0.000251985
622.69345,0.000726214
622.92394,-0.000246843
623.15444,0.000529719
623.38495,0.000112136
623.61547,0.000516987
623.846,-0.000259028
624.07654,0.00082826
624.30709,-0.000364427
624.53766,0.000519366
624.76823,-0.000332879
624.99882,0.000403053
625.22941,-0.000250108
625.46002,0.000669878
625.69064,-0.000544554
625.92127,0.0011
626.15191,0.000116456
626.38256,0.00054208
626.61322,-0.000129436
626.8439,0.000631348
627.07458,-0.000604586
627.30528,0.000608508
627.53598,-0.000462094
627.7667,0.000580481
627.99743,-3.12985E-05
628.22817,0.00104
628.45892,-2.66068E-05
628.68968,0.000721761
628.92045,-0.000271318
629.15123,0.00102
629.38203,-0.000608584
629.61283,0.000564235
629.84365,-0.000541916
630.07447,0.000534071
630.30531,-0.000577686
630.53616,0.000610052
630.76702,-0.000484601
630.99789,0.000889603
631.22877,6.01669E-05
631.45966,0.00059388
631.69057,-0.000570487
631.92148,0.000594835
632.1524,-7.10235E-05
632.38334,0.00068237
632.61429,-0.0002113
632.84524,0.000514656
633.07621,-0.000520507
633.30719,0.000703466
633.53818,-0.000452608
633.76918,0.000388628
634.00019,-0.000556798
634.23121,0.000701481
634.46225,-0.000522365
634.69329,0.000353129
634.92435,-0.000231369
635.15541,0.000637869
635.38649,-0.000168872
635.61758,0.00075195
635.84867,-0.000853856
636.07978,0.000511733
636.3109,-0.000352965
636.54203,0.000851939
636.77317,-8.86451E-05
637.00433,0.00104
637.23549,-0.000346954
637.46666,0.000427063
637.69785,-0.000329833
637.92904,0.000497281
638.16025,-0.000100231
638.39146,0.000742112
638.62269,-0.000451765
638.85393,-0.000220988
639.08518,0.00081278
639.31644,-0.000226645
639.54771,0.000658934
639.77899,-0.00015139
640.01028,0.00101
640.24159,-0.000452722
640.4729,0.00054974
640.70422,-2.49264E-05
640.93556,0.000784538
641.1669,-0.000341231
641.39826,0.000676876
641.62963,-0.00040883
641.86101,0.000894336
642.09239,-0.000434397
642.32379,0.000399734
642.5552,-0.000614525
642.78662,0.000728789
643.01805,-0.000114443
643.2495,0.000881641
643.48095,-0.000143397
643.71241,0.000513271
643.94389,-0.000655318
644.17537,0.000252218
644.40687,-0.000418816
644.63837,0.000413356
644.86989,-0.000325376
645.10142,0.000580834
645.33295,-0.000595274
645.5645,0.000445285
645.79606,-0.000233734
646.02763,0.000587579
646.25921,2.27031E-05
646.4908,0.000344207
646.7224,4.06089E-05
646.95402,0.000862092
647.18564,-0.000414372
647.41727,0.000643507
647.64892,-0.000306379
647.88057,0.000317763
648.11224,-0.000179794
648.34391,0.000805053
648.5756,-8.04476E-05
648.8073,0.000313371
649.03901,-0.000271631
649.27072,0.000880584
649.50245,-0.000713702
649.73419,0.000254316
649.96594,-0.000300832
650.1977,0.00107
650.42947,-0.00017968
650.66126,0.000841064
650.89305,-0.00023551
651.12485,0.000524507
651.35666,-0.000376829
651.58849,0.000399929
651.82032,-1.37133E-05
652.05217,0.000573415
652.28402,-0.000595066
652.51589,0.00073267
652.74776,-9.21762E-05
652.97965,0.000498595
653.21155,-0.000431317
653.44346,0.00057687
653.67538,-0.000759171
653.90731,0.000455783
654.13924,-0.000376873
654.37119,0.000520365
654.60316,-0.000200188
654.83513,0.000688429
655.06711,-0.000460598
655.2991,0.000257844
655.5311,-0.000827919
655.76312,0.00047542
655.99514,-0.000910371
656.22717,0.000478593
656.45922,-0.000444231
656.69127,0.000516155
656.92334,-0.000299692
657.15541,0.000340573
657.3875,-0.00071232
657.61959,0.000544343
657.8517,-0.00021737
658.08382,0.000321895
658.31595,-0.000333433
658.54809,0.000650531
658.78023,-0.000455791
659.01239,3.26457E-05
659.24456,-0.000489935
659.47674,0.00047833
659.70893,-0.000418232
659.94113,0.000178832
660.17334,-0.000528854
660.40557,0.000584118
660.6378,-0.000034358
660.87004,0.000372507
661.10229,-0.000590281
661.33455,0.000157005
661.56683,-0.000396302
661.79911,0.000636611
662.03141,-0.000386422
662.26371,0.000355422
662.49603,-0.000411153
662.72835,0.000287416
662.96069,-0.000498189
663.19303,0.000500297
663.42539,-0.000368797
663.65775,0.000383577
663.89013,-0.000472922
664.12252,0.000261945
664.35492,-0.000347774
664.58732,0.000816199
664.81974,-0.000253624
665.05217,0.00055384
665.28461,-0.000313941
665.51706,0.000383861
665.74952,-8.82761E-05
665.98199,0.000223753
666.21447,-0.000494549
666.44696,3.37523E-05
666.67946,-0.000523197
666.91197,0.000530787
667.14449,-0.000516911
667.37702,0.000320215
667.60956,-0.000227164
667.84211,0.000648917
668.07467,-0.000674717
668.30725,0.000499223
668.53983,-0.000626765
668.77242,0.000511198
669.00502,-0.000460123
669.23764,0.000269128
669.47026,-0.000313734
669.7029,0.000405796
669.93554,-0.000514346
670.16819,0.000324966
670.40086,-0.000454493
670.63353,0.000360063
670.86622,-0.000509446
671.09891,0.000298483
671.33162,-0.000548321
671.56433,5.92853E-05
671.79706,-0.00050774
672.02979,0.000313108
672.26254,-0.00032336
672.4953,0.000703955
672.72806,-0.000314908
672.96084,0.000477452
673.19362,-0.000272375
673.42642,-8.65425E-07
673.65923,-0.000483324
673.89205,0.000301026
674.12487,-0.000421208
674.35771,0.000330636
674.59056,-0.000211169
674.82342,0.000353543
675.05628,-0.000557844
675.28916,0.000497213
675.52205,-0.000503757
675.75495,0.000386239
675.98786,-0.000803828
676.22077,0.000224827
676.4537,-0.000833344
676.68664,0.000240319
676.91959,-0.000673079
677.15255,0.000264132
677.38552,-0.000581331
677.6185,0.00036558
677.85149,-0.000696725
678.08449,0.000254187
678.3175,-0.00056256
678.55051,0.000431749
678.78354,-0.000485474
679.01658,0.000258863
679.24963,-0.000477679
679.48269,0.000573429
679.71576,-0.000320025
679.94884,1.84741E-05
680.18193,-0.000486962
680.41503,0.0002504
680.64814,-0.000664014
680.88126,0.000253992
681.11439,-0.000327932
681.34753,0.000532398
681.58068,-0.000412045
681.81384,0.000281041
682.04701,-0.000660376
682.28019,0.000494282
682.51338,-0.000135009
682.74658,0.000204246
682.97979,-0.000440879
683.21301,0.000372534
683.44624,-0.000554918
683.67948,0.000421658
683.91273,-0.000572342
684.14599,0.000184783
684.37926,-0.000479631
684.61254,0.000725469
684.84583,-0.000453394
685.07913,0.000174722
685.31244,-0.000638979
685.54576,0.000205375
685.77909,-0.000953424
686.01243,0.000281756
686.24578,-0.000637593
686.47914,0.000688878
686.71251,-0.000205141
686.94589,6.00722E-05
687.17928,-0.000534735
687.41268,0.000501356
687.64609,-0.000813408
687.87951,-1.37675E-05
688.11294,-0.000641217
688.34638,0.000577506
688.57982,-0.00064016
688.81328,4.27662E-05
689.04675,-0.000848192
689.28023,0.000247772
689.51372,-0.000825617
689.74722,0.000723275
689.98073,-0.000455236
690.21424,0.000450934
690.44777,-0.000839877
690.68131,0.000120783
690.91486,-0.000973705
691.14842,0.000434349
691.38198,-0.000684603
691.61556,0.000208743
691.84915,-0.00083776
692.08274,0.000386478
692.31635,-0.000823556
692.54997,0.000353409
692.78359,-0.000582268
693.01723,0.000560844
693.25088,-0.000925193
693.48453,0.000158673
693.7182,-0.000622098
693.95187,0.000099298
694.18556,-0.00102
694.41925,0.000509403
694.65296,-0.000884359
694.88667,0.000337382
695.1204,-0.0009737
695.35413,4.3906E-06
695.58788,-0.00075123
695.82163,0.000388148
696.0554,-0.000504703
696.28917,0.000129647
696.52295,-0.000513255
696.75675,0.00020235
696.99055,-0.000802037
697.22436,0.000188643
697.45818,-0.000663683
697.69202,0.000305329
697.92586,-0.000811621
698.15971,0.000271888
698.39357,0.000320267
698.62744,-0.000523169
698.86132,0.000461014
699.09521,-0.000358283
699.32911,0.000126604
699.56302,-0.000831456
699.79694,-0.000057
700.03087,-0.000749516
700.26481,0.000192818
700.49876,-0.000811632
700.73272,0.000440416
700.96669,-0.0011
701.20066,0.000621878
701.43465,-0.000808862
701.66865,0.000627668
701.90266,-0.000836776
702.13667,0.000295393
702.3707,-0.000659092
702.60473,0.00037979
702.83878,-0.00059065
703.07284,0.000432129
703.3069,-0.000448052
703.54097,0.000669069
703.77506,-0.00102
704.00915,-0.000209941
704.24326,-0.000851814
704.47737,0.000473904
704.71149,-0.00107
704.94562,9.47539E-05
705.17977,-0.0011
705.41392,0.000165088
705.64808,-0.000667279
705.88225,0.000222918
706.11643,-0.000806487
706.35062,-0.00018563
706.58482,-0.000670248
706.81903,0.000228666
707.05325,-0.00066062
707.28748,0.000435373
707.52171,-0.0004461
707.75596,-0.000328402
707.99022,-0.000783992
708.22449,0.000768866
708.45876,-0.000803955
708.69305,0.000349976
708.92734,-0.00122
709.16165,0.000390795
709.39596,-0.000940815
709.63029,0.000486787
709.86462,-0.000486352
710.09896,0.000166764
710.33332,-0.000602518
710.56768,0.00034081
710.80205,-0.0011
711.03643,-4.35547E-05
711.27082,-0.000585647
711.50522,0.000133788
711.73963,-0.000593865
711.97405,0.000673417
712.20848,-0.000711364
712.44292,0.000280989
712.67737,-0.000719209
712.91182,9.36235E-05
713.14629,-0.000747601
713.38077,0.000506616
713.61525,-0.000752463
713.84975,0.000578358
714.08425,-0.000521233
714.31876,7.88886E-05
714.55329,-0.000543311
714.78782,0.000196331
715.02236,-0.000758421
715.25692,0.000451653
715.49148,-0.000576451
715.72605,0.000658265
715.96063,-0.000953698
716.19522,0.000217963
716.42982,-0.000919312
716.66443,0.000232048
716.89904,-0.000661256
717.13367,0.00023596
717.36831,-0.000617067
717.60295,-9.70303E-05
717.83761,-0.000143157
718.07227,0.000223029
718.30695,-0.000646632
718.54163,0.00058175
718.77633,-0.00057419
719.01103,0.000524763
719.24574,-0.000599346
719.48046,0.000499413
719.71519,-0.000358447
719.94993,0.000263934
720.18468,-0.000671101
720.41944,0.00034931
720.65421,-0.0014
720.88899,0.000603206
721.12377,-0.000151169
721.35857,0.000372536
721.59337,-0.00103
721.82819,0.000447651
722.06301,-0.000466938
722.29785,0.000667234
722.53269,-0.000742654
722.76754,0.000393619
723.0024,-0.000477747
723.23727,0.000222054
723.47216,-0.000528146
723.70704,0.000259915
723.94194,-0.000764932
724.17685,0.000199221
724.41177,-0.000795378
724.6467,0.000383537
724.88163,-0.000395245
725.11658,0.000156568
725.35153,-0.000646404
725.58649,-9.64201E-05
725.82147,-7.15815E-05
726.05645,-9.16308E-05
726.29144,-0.000442954
726.52644,-0.000194943
726.76145,-0.000636551
726.99647,0.000112228
727.2315,-0.000278232
727.46654,0.000486739
727.70158,-0.000882838
727.93664,0.000362979
728.17171,-0.000528096
728.40678,0.00046808
728.64187,-0.000957362
728.87696,0.000503535
729.11206,-0.000893959
729.34717,5.61811E-05
729.58229,-0.000503495
729.81742,0.000162363
730.05256,-0.000386354
730.28771,0.000376086
730.52287,-0.000790827
730.75804,0.000554433
730.99321,-0.000703818
731.2284,0.000499822
731.46359,-0.000670887
731.69879,0.000127028
731.93401,-0.000770567
732.16923,0.000518507
732.40446,-0.000785558
732.6397,0.000528501
732.87495,-0.000892307
733.11021,-0.000123845
733.34547,-0.000759953
733.58075,0.000400259
733.81604,-0.000536698
734.05133,0.00056404
734.28664,-0.000740452
734.52195,0.000221819
734.75727,-0.000894293
734.9926,0.000356783
735.22794,-0.000577665
735.46329,0.000197762
735.69865,-0.00070716
735.93402,0.000551221
736.1694,-0.000396985
736.40478,-5.52628E-06
736.64018,-0.000594428
736.87558,0.000170771
737.111,-0.000630625
737.34642,0.000442036
737.58185,-0.000860411
737.81729,0.000327937
738.05274,-0.000760662
738.2882,4.29125E-05
738.52367,-0.000957332
738.75914,0.000487279
738.99463,-0.00107
739.23012,0.000285773
739.46563,-0.000661548
739.70114,0.00037303
739.93666,-0.000757304
740.17219,0.000240652
740.40773,-0.000880835
740.64328,0.000527956
740.87884,-9.79765E-06
741.11441,0.000369282
741.34998,-0.000642641
741.58557,0.000201532
741.82116,-0.000489047
742.05676,-0.000075821
742.29238,-0.000273241
742.528,0.000277774
742.76363,-0.000570477
742.99927,0.000584388
743.23491,-0.000588868
743.47057,0.000558321
743.70624,-0.000783515
743.94191,9.89011E-05
744.1776,-0.000437114
744.41329,0.000244725
744.64899,-0.000791189
744.8847,-2.34095E-05
745.12042,-0.000673997
745.35615,0.000231125
745.59189,-0.000330919
745.82763,0.000524395
746.06339,-0.000843449
746.29915,0.00064131
746.53493,-0.000618577
746.77071,0.000303637
747.0065,-0.00113
747.2423,0.000400364
747.47811,-0.001
747.71393,0.000213478
747.94975,-0.000600631
748.18559,3.69386E-05
748.42143,-0.000710574
748.65728,0.000394132
748.89315,-0.000565616
749.12902,0.000573322
749.3649,-0.000724018
749.60079,0.000325388
749.83668,-0.00039477
750.07259,0.00038858
750.30851,-0.000382409
750.54443,0.000330435
750.78036,-0.000862454
751.0163,0.000644947
751.25226,-0.000640744
751.48821,0.000313447
751.72418,-0.000411775
751.96016,0.00032097
752.19615,-0.000849554
752.43214,0.000485245
752.66814,-0.000689733
752.90416,0.000719033
753.14018,-0.000342194
753.37621,-6.54761E-05
753.61225,-0.000472763
753.8483,0.000417362
754.08435,-0.000850499
754.32042,0.000408752
754.55649,-0.000762415
754.79257,0.000408121
755.02867,-0.00090954
755.26477,3.87379E-05
755.50087,-0.000576867
755.73699,0.000202754
755.97312,-0.000992273
756.20925,4.62009E-05
756.4454,-0.000660137
756.68155,0.000158736
756.91771,-0.000681356
757.15388,0.000312854
757.39006,-0.000526268
757.62625,0.000171281
757.86245,-0.00103
758.09865,0.000135978
758.33487,-0.000832689
758.57109,-0.00101
758.80732,0.000205952
759.04356,-0.000864953
759.27981,0.000437944
759.51607,-0.000846377
759.75233,0.000212732
759.98861,-0.000867053
760.22489,0.000174559
760.46118,-0.000727974
760.69748,7.62281E-06
760.93379,-0.000837134
761.17011,0.000412282
761.40644,-0.00111
761.64278,0.000433988
761.87912,-0.00106
762.11547,-0.000152394
762.35183,-0.000449605
762.5882,0.000294926
762.82458,-0.000483682
763.06097,0.000149525
763.29737,-0.000886275
763.53377,0.000152999
763.77019,-0.000441564
764.00661,0.000377194
764.24304,-0.000501759
764.47948,0.000184725
764.71593,-0.000773437
764.95238,0.000461551
765.18885,-0.000534773
765.42532,0.000424933
765.6618,-0.000228125
765.89829,0.000414598
766.13479,-0.000441666
766.3713,0.000265535
766.60782,-0.000620605
766.84434,3.63968E-05
767.08088,-0.000769887
767.31742,0.000608071
767.55397,-0.000578975
767.79053,0.000421982
768.0271,-0.000993551
768.26367,0.000338146
768.50026,-0.00113
768.73685,0.000771852
768.97346,-0.000874321
769.21007,0.000329004
769.44669,-0.000766526
769.68331,0.000849628
769.91995,-0.00121
770.15659,0.000227393
770.39325,-0.00154
770.62991,0.00036268
770.86658,-0.000755335
771.10326,0.000502398
771.33995,-0.000393879
771.57664,0.000183359
771.81335,-0.00109
772.05006,0.000544595
772.28678,-0.000577722
772.52351,0.000094828
772.76025,-0.00125
772.997,0.000433961
773.23375,-0.00104
773.47052,0.000370297
773.70729,-0.000538739
773.94407,0.000404635
774.18086,-0.001
774.41765,0.00027471
774.65446,-0.0012
774.89127,0.00031427
775.1281,-0.001
775.36493,0.000866623
775.60177,-0.00116
775.83862,0.000389833
776.07547,-0.0013
776.31234,0.000141602
776.54921,-0.00115
776.78609,0.000507328
777.02298,-0.0011
777.25988,0.000558373
777.49679,-0.000604428
777.7337,0.000753387
777.97063,-0.00111
778.20756,0.000232281
778.4445,-0.000886059
778.68145,0.000193659
778.91841,-0.00127
779.15537,0.000519604
779.39235,-0.000970978
779.62933,0.000410343
779.86632,-0.000584325
780.10332,0.000896679
780.34033,-0.000794769
780.57734,-9.24687E-05
780.81437,-0.000957516
781.0514,0.000412841
781.28844,-0.00052617
781.52549,0.000538611
781.76255,-0.000435163
781.99961,0.000404781
782.23669,-0.001
782.47377,0.000862831
782.71086,-0.000750112
782.94796,0.000537855
783.18507,-0.000820309
783.42218,0.000463696
783.6593,-0.00106
783.89644,0.000587783
784.13358,-0.000668312
784.37073,0.000462087
784.60788,-0.00111
784.84505,0.000403376
785.08222,-0.00104
785.3194,0.000182941
785.55659,-0.00057568
785.79379,0.00094361
786.031,-0.000967961
786.26821,0.000408448
786.50544,-0.00103
786.74267,0.000843884
786.97991,-0.00063961
787.21716,0.000586756
787.45441,-0.000579621
787.69168,0.000565617
787.92895,-0.000958995
788.16623,0.000402245
788.40352,-0.000975989
788.64081,0.000696303
788.87812,-0.00127
789.11543,0.000359395
789.35275,-0.000589461
789.59008,0.00134
789.82742,-0.00125
790.06477,0.000496434
790.30212,-0.00121
790.53949,0.000570826
790.77686,-0.00111
791.01424,0.000866088
791.25162,-0.00129
791.48902,0.000496078
791.72642,-0.00073934
791.96383,0.000940867
792.20125,-0.000803867
792.43868,0.000394259
792.67612,-0.0013
792.91356,5.87864E-06
793.15101,-0.000685302
793.38847,0.000420792
793.62594,-0.00129
793.86342,0.000828954
794.1009,-0.0012
794.3384,0.000499423
794.5759,-0.00123
794.81341,0.00068195
795.05092,-0.000720303
795.28845,0.000611132
795.52598,-0.00144
795.76352,0.000416435
796.00107,-0.000840793
796.23863,0.000810466
796.4762,-0.00151
796.71377,-0.000107021
796.95135,-0.000986024
797.18894,0.000359081
797.42654,-0.00125
797.66415,-0.000518684
797.90176,-0.000202945
798.13938,0.000407844
798.37701,-0.00128
798.61465,0.000209606
798.8523,-0.000980585
799.08995,0.000650042
799.32761,-0.00129
799.56528,0.000158592
799.80296,-0.000544015
800.04065,0.000581241
800.27834,-0.00122
800.51605,0.000378638
800.75376,-0.00119
800.99147,0.000393974
801.2292,-0.000943991
801.46694,0.000608808
801.70468,-0.000770375
801.94243,0.000203179
802.18019,-0.00075386
802.41795,0.000700352
802.65573,-0.000517658
802.89351,0.000665494
803.1313,-0.00168
803.3691,6.84903E-05
803.6069,-0.0012
803.84472,0.000653954
804.08254,-0.00143
804.32037,0.000769328
804.55821,-0.000310823
804.79605,0.000558037
805.03391,-0.000828579
805.27177,0.000532544
805.50964,-0.000838529
805.74752,0.000508553
805.9854,-0.00105
806.2233,0.000206281
806.4612,-0.000826032
806.69911,0.000482218
806.93702,-0.00166
807.17495,0.000698997
807.41288,-0.0017
807.65082,0.000622246
807.88877,-0.000432003
808.12673,0.000142772
808.36469,-0.00105
808.60266,0.000311848
808.84064,-0.00112
809.07863,0.000253503
809.31663,-0.00117
809.55463,0.000363785
809.79264,-0.000691857
810.03066,0.000413342
810.26869,-0.0015
810.50672,0.000349534
810.74477,-0.00176
810.98282,-4.86258E-05
811.22088,-0.00156
811.45894,-8.93297E-05
811.69702,-0.00114
811.9351,0.000677786
812.17319,-0.00142
812.41129,0.000887691
812.64939,-0.000824094
812.88751,0.000660881
813.12563,-0.00148
813.36376,0.000720387
813.60189,-0.000911238
813.84004,0.000762448
814.07819,-0.0012
814.31635,0.000886478
814.55452,-0.00126
814.79269,0.000885904
815.03088,-0.000863394
815.26907,0.000470986
815.50727,-0.00142
815.74547,0.000298692
815.98369,-0.000830512
816.22191,0.000393713
816.46014,-0.000535076
816.69838,9.01934E-05
816.93662,-0.000482751
817.17488,0.000188558
817.41314,-0.00112
817.65141,0.00030591
817.88968,-0.000420969
818.12797,0.000994983
818.36626,-0.00102
818.60456,0.000477964
818.84286,-0.00192
819.08118,-0.000118264
819.3195,0.000398708
819.55783,-0.000572816
819.79617,0.000625675
820.03451,-0.00117
820.27287,0.000469019
820.51123,-0.00112
820.7496,0.000863523
820.98797,-0.00112
821.22636,0.00109
821.46475,-0.00107
821.70315,0.000450556
821.94155,-0.00106
822.17997,0.00028205
822.41839,-0.000514267
822.65682,0.000122761
822.89526,-0.00146
823.1337,0.00047653
823.37216,-0.00122
823.61062,0.000494743
823.84908,-0.00138
824.08756,0.000687472
824.32604,-0.000901757
824.56453,0.000444675
824.80303,-0.00142
825.04154,0.000747285
825.28005,-0.00145
825.51857,-0.000498949
825.7571,-0.000907159
825.99564,0.000702011
826.23418,-0.000783349
826.47273,0.000127493
826.71129,-0.00169
826.94986,0.00121
827.18843,-0.00142
827.42701,0.000280191
827.6656,-0.000581695
827.9042,0.000708979
828.1428,-0.000748283
828.38141,0.000233777
828.62003,-0.00116
828.85866,0.000637743
829.0973,-0.000870032
829.33594,0.000169389
829.57459,-0.00118
829.81324,0.000174664
830.05191,-0.00133
830.29058,0.000822619
830.52926,-0.00114
830.76795,0.000280598
831.00664,-0.00173
831.24534,0.000748331
831.48405,-0.00158
831.72277,0.000598454
831.96149,-0.00104
832.20023,0.000673564
832.43897,-0.00101
832.67771,0.000425395
832.91647,-0.00141
833.15523,0.000642339
833.394,-0.00102
833.63277,-0.000307732
833.87156,-0.000916387
834.11035,-8.69196E-05
834.34915,-0.00094066
834.58796,0.000940212
834.82677,-0.00138
835.06559,0.000421949
835.30442,-0.00093305
835.54326,8.94425E-05
835.7821,-0.00105
836.02095,0.000463062
836.25981,-0.00054665
836.49867,0.000572205
836.73755,-0.000611392
836.97643,0.000747286
837.21532,-0.000973842
837.45421,0.000563274
837.69311,-0.00169
837.93203,-0.000362079
838.17094,-0.000964511
838.40987,0.000342634
838.6488,-0.0013
838.88774,0.00025111
839.12669,-0.000944715
839.36564,0.000749154
839.6046,-0.00132
839.84357,0.000389098
840.08255,-0.000854183
840.32153,0.000386089
840.56052,-0.00131
840.79952,0.00071073
841.03853,-0.000957739
841.27754,0.000577839
841.51656,-0.00119
841.75559,0.000715107
841.99462,-0.000751919
842.23367,-0.000196872
842.47272,-0.00070246
842.71177,0.000564478
842.95084,-0.00107
843.18991,0.000244556
843.42899,-0.00122
843.66807,0.000046546
843.90717,-0.000764506
844.14627,0.000466093
844.38538,-0.0013
844.62449,0.000779916
844.86361,-0.00171
845.10274,0.000863646
845.34188,-0.00156
845.58102,0.000519412
845.82018,-0.0013
846.05934,0.00053872
846.2985,-0.000569043
846.53767,0.000639203
846.77685,-0.000838599
847.01604,0.000755929
847.25524,-0.000291837
847.49444,0.00118
847.73365,-0.001
847.97287,0.000646366
848.21209,-0.000917752
848.45132,-0.000253859
848.69056,-0.000700909
848.9298,0.000788645
849.16906,-0.000875111
849.40832,9.74196E-05
849.64758,-0.000810274
849.88686,-7.08973E-06
850.12614,-0.000864663
850.36543,-1.34072E-05
850.60472,-0.000911734
850.84403,0.000530569
851.08334,-0.00152
851.32265,4.28491E-05
851.56198,-0.00109
851.80131,0.000864833
852.04065,-0.000819606
852.27999,0.000201332
852.51935,-0.00112
852.75871,0.000197129
852.99807,-0.000740082
853.23745,0.000256251
853.47683,-0.0013
853.71622,0.000474344
853.95561,-0.00158
854.19502,0.000889254
854.43443,-0.00134
854.67384,0.000783431
854.91327,-0.00136
855.1527,0.000333148
855.39214,-0.0016
855.63158,-0.000112858
855.87103,-0.000969752
856.11049,0.000632604
856.34996,-0.000916149
856.58943,-0.00014802
856.82892,-0.00106
857.0684,0.000726781
857.3079,-0.000815643
857.5474,0.000832832
857.78691,-0.00122
858.02642,0.000686068
858.26595,-0.000519277
858.50548,0.000277793
858.74502,-0.00141
858.98456,0.000410105
859.22411,-0.00216
859.46367,0.000560268
859.70323,-0.000735101
859.94281,0.000693059
860.18239,-0.00141
860.42197,0.000187699
860.66156,-0.00168
860.90116,0.000363408
861.14077,-0.00108
861.38039,0.000548826
861.62001,-0.00139
861.85964,0.00119
862.09927,-0.002
862.33891,0.00118
862.57856,-0.00208
862.81822,0.00103
863.05788,-0.00108
863.29755,0.000508201
863.53723,-0.00156
863.77691,0.000531402
864.0166,-0.0012
864.2563,0.000844306
864.49601,-0.00129
864.73572,0.000495949
864.97544,-0.000983363
865.21516,0.000506605
865.45489,-0.00244
865.69463,0.000834991
865.93438,-0.000961074
866.17413,0.000357217
866.41389,-0.00174
866.65366,0.000930996
866.89343,-0.00205
867.13321,0.000361608
867.373,-0.00169
867.6128,0.000820197
867.8526,-0.00101
868.09241,7.20896E-05
868.33222,-0.002
868.57204,0.000593301
868.81187,-0.00258
869.05171,0.000513444
869.29155,-0.00223
869.5314,0.000814935
869.77126,-0.00229
870.01112,0.00113
870.25099,-0.00127
870.49087,0.000729145
870.73075,-0.00167
870.97064,0.00041024
871.21054,-0.00174
871.45044,-4.29492E-05
871.69035,-0.00184
871.93027,9.19872E-05
872.1702,-0.00136
872.41013,0.000283356
872.65007,-0.00151
872.89001,0.000447938
873.12996,-0.00108
873.36992,0.000753536
873.60989,-0.00189
873.84986,0.000832919
874.08984,-0.00184
874.32982,0.000974299
874.56982,-0.00171
874.80982,0.000468001
875.04982,-0.00279
875.28983,0.000285966
875.52985,-0.0013
875.76988,0.000871739
876.00991,-0.00248
876.24995,0.00145
876.49,-0.00115
876.73005,0.000412662
876.97011,-0.0023
877.21018,0.000560462
877.45025,-0.00157
877.69033,0.000795783
877.93042,-0.00127
878.17051,0.00123
878.41061,-5.20406E-05
878.65072,0.000546036
878.89084,-0.0018
879.13096,0.000237645
879.37108,-0.00107
879.61122,3.97179E-05
879.85136,-0.00199
880.0915,0.000495136
880.33166,-0.00213
880.57182,-0.00224
880.81199,0.000549537
881.05216,-0.00167
881.29234,0.000474601
881.53253,-0.00155
881.77272,0.000328985
882.01292,-0.00261
882.25313,0.00017398
882.49334,-0.00167
882.73356,0.00126
882.97379,-0.00233
883.21402,0.000323119
883.45426,-0.00168
883.69451,0.00108
883.93476,-0.00223
884.17502,0.000621669
884.41529,-0.00212
884.65556,0.00256
884.89584,-0.00217
885.13613,0.0012
885.37642,-0.00171
885.61672,0.000172104
885.85703,-0.00121
886.09734,0.000925534
886.33766,-0.00295
886.57799,0.00145
886.81832,-0.00248
887.05866,0.000332831
887.29901,-0.00219
887.53936,0.000760799
887.77972,-0.00143
888.02008,0.000603188
888.26045,-0.000878266
888.50083,0.000851458
888.74122,-0.00215
888.98161,0.00166
889.22201,-0.000692284
889.46241,0.00117
889.70282,-0.00208
889.94324,0.00195
890.18366,-0.00207
890.42409,0.000640197
890.66453,-0.0016
890.90497,0.00106
891.14542,-0.00211
891.38588,-4.88736E-06
891.62634,-0.00273
891.86681,0.00204
892.10729,-0.003
892.34777,0.00112
892.58826,-0.00201
892.82876,0.000739576
893.06926,-0.00319
893.30977,0.00139
893.55028,-0.00301
893.7908,0.00138
894.03133,-0.00255
894.27186,6.61516E-05
894.51241,-0.00218
894.75295,0.000882816
894.99351,-0.000777825
895.23407,0.00122
895.47463,-0.0023
895.7152,-5.53407E-05
895.95578,-0.00231
896.19637,0.00174
896.43696,-0.00183
896.67756,0.00208
896.91816,-0.00271
897.15878,0.00147
897.39939,-0.00201
897.64002,0.00179
897.88065,-0.00304
898.12128,0.000268783
898.36193,-0.00277
898.60258,0.00107
898.84323,-0.00273
899.08389,0.000284382
899.32456,-0.00247
899.56524,0.000329267
899.80592,-0.00162
900.04661,0.00116
900.2873,-0.00196
900.528,0.00164
900.76871,-0.00304
901.00942,0.0021
901.25014,-0.00277
901.49087,-0.000339754
901.7316,-0.00268
901.97234,0.000750951
902.21308,-0.00232
902.45383,0.00139
902.69459,-0.002
902.93535,0.0015
903.17612,-0.00216
903.4169,0.00169
903.65768,-0.00245
903.89847,0.00193
904.13926,-0.00372
904.38006,0.000889294
904.62087,-0.00147
904.86169,0.000997088
905.10251,-0.000606354
905.34333,0.000670361
905.58416,-0.00236
905.825,0.000386119
906.06585,-0.00195
906.3067,0.00205
906.54756,-0.00161
906.78842,0.0024
907.02929,-0.00259
907.27017,0.000692011
907.51105,-0.00218
907.75194,0.00176
907.99283,-0.00224
908.23373,0.00246
908.47464,-0.00346
908.71555,0.0016
908.95647,-0.00293
909.1974,0.000509188
909.43833,-0.00207
909.67927,-0.000142963
909.92021,-0.00259
910.16116,0.000176411
910.40212,-0.00256
910.64308,0.001
910.88405,-0.00292
911.12503,0.000807218
911.36601,-0.00381
911.607,-0.000416512
911.84799,-0.00214
912.08899,0.00156
912.33,-0.00209
912.57101,0.000552221
912.81203,-0.00035159
913.05305,0.000941756
913.29408,-0.0041
913.53512,0.00128
913.77616,-0.0024
914.01721,0.00169
914.25827,-0.00333
914.49933,0.00131
914.74039,-0.00253
914.98147,0.00139
915.22255,-0.00257
915.46363,0.000877506
915.70472,-0.00152
915.94582,0.000896261
916.18693,-0.00337
916.42804,0.00153
916.66915,-0.00367
916.91027,0.00224
917.1514,-0.00246
917.39254,0.00248
917.63368,-0.00146
917.87482,0.00065721
918.11597,-0.00394
918.35713,0.000864482
918.5983,-0.00316
918.83947,-0.000313406
919.08064,-0.00328
919.32183,-0.000433476
919.56301,-0.00268
919.80421,0.00196
920.04541,-0.00242
920.28662,0.00178
920.52783,-0.00268
920.76905,-0.000412376
921.01027,-0.0019
921.2515,0.000199186
921.49274,-0.00295
921.73398,0.00151
921.97523,-0.00298
922.21648,0.00247
922.45774,-0.0031
922.69901,0.000897843
922.94028,-0.00355
923.18156,0.000349834
923.42285,-0.00186
923.66414,0.00308
923.90543,-0.00259
924.14673,0.000646309
924.38804,-0.00299
924.62936,0.00083167
924.87068,-0.00423
925.112,0.00301
925.35333,-0.00304
925.59467,0.000576166
925.83602,-0.00304
926.07737,0.0028
926.31872,-0.00575
926.56008,0.000995478
926.80145,-0.00423
927.04282,0.00143
927.2842,-0.00389
927.52559,0.00244
927.76698,-0.00378
928.00837,-0.000491161
928.24978,-0.0026
928.49119,0.00107
928.7326,-0.00405
928.97402,0.00259
929.21545,-0.00325
929.45688,0.000806567
929.69832,-0.00366
929.93976,0.000273979
930.18121,-0.00235
930.42267,-0.000656128
930.66413,-0.00298
930.90559,0.00145
931.14707,-0.00363
931.38855,0.00306
931.63003,-0.00262
931.87152,0.00173
932.11302,-0.00316
932.35452,0.00035098
932.59603,-0.003
932.83754,0.000471661
933.07906,-0.00351
933.32059,0.00154
933.56212,-0.00296
933.80365,0.00149
934.0452,-0.00606
934.28674,0.00118
934.5283,-0.00334
934.76986,0.00191
935.01142,-0.00334
935.253,0.00283
935.49457,-0.00195
935.73616,0.0014
935.97774,-0.00452
936.21934,0.00332
936.46094,-0.00427
936.70254,0.00103
936.94416,-0.00462
937.18577,0.000903939
937.4274,-0.00459
937.66903,0.00172
937.91066,-0.0048
938.1523,0.00419
938.39395,-0.0035
938.6356,4.67413E-05
938.87726,-0.00174
939.11892,0.00498
939.36059,-0.00481
939.60226,0.00121
939.84394,-0.00168
940.08563,0.00193
940.32732,-0.00474
940.56902,-0.00111
940.81072,-0.00181
941.05243,0.00147
941.29414,-0.00441
941.53586,6.65187E-06
941.77759,-0.003
942.01932,0.000724678
942.26106,0.00124
942.5028,-0.00428
942.74455,0.00176
942.9863,-0.00667
943.22806,0.0046
943.46983,-0.0062
943.7116,0.000478231
943.95337,-0.0073
944.19516,0.00136
944.43694,-0.00343
944.67874,0.000914278
944.92054,-0.0063
945.16234,0.00184
945.40415,-0.00527
945.64596,0.00199
945.88779,-0.00548
946.12961,0.00273
946.37145,-0.00352
946.61328,0.00354
946.85513,-0.00468
947.09698,0.000763238
947.33883,-0.00402
947.58069,0.00235
947.82256,-0.00383
948.06443,0.00123
948.3063,-0.00408
948.54819,0.00285
948.79007,-0.00381
949.03197,0.00129
949.27387,-0.00589
949.51577,0.00214
949.75768,-0.00417
949.9996,-0.00163
950.24152,-0.00336
950.48344,0.000525369
950.72538,-0.00328
950.96731,0.000889801
951.20926,-0.00528
951.45121,-0.000230986
951.69316,-0.00285
951.93512,0.0029
952.17708,-0.00633
952.41906,0.0015
952.66103,-0.0046
952.90301,0.00407
953.145,-0.00279
953.38699,0.00208
953.62899,-0.00439
953.87099,0.000899508
954.113,-0.00426
954.35502,0.00245
954.59704,-0.00289
954.83906,0.00208
955.08109,-0.00474
955.32313,0.00171
955.56517,-0.00379
955.80722,0.0014
956.04927,-0.00306
956.29133,-0.000808497
956.53339,-0.00353
956.77546,0.00273
957.01753,-0.00557
957.25961,0.00313
957.5017,-0.00265
957.74379,-0.000104062
957.98588,-0.00257
958.22798,0.000960129
958.47009,-0.00409
958.7122,0.00253
958.95432,-0.00479
959.19644,0.000148431
959.43857,-0.00299
959.6807,0.0012
959.92284,-0.0044
960.16498,0.00136
960.40713,-0.00615
960.64929,0.00361
960.89145,-0.00371
961.13361,0.00311
961.37578,-0.0069
961.61796,0.00213
961.86014,-0.00552
962.10233,0.000783081
962.34452,-0.00252
962.58671,0.0014
962.82892,-0.0043
963.07112,0.00152
963.31334,-0.00644
963.55556,0.00224
963.79778,-0.00431
964.04001,0.00213
964.28224,-0.00597
964.52448,0.0011
964.76673,-0.00548
965.00898,0.00186
965.25123,-0.0049
965.49349,0.00279
965.73576,-0.00461
965.97803,0.00114
966.22031,-0.00618
966.46259,0.00299
966.70488,-0.00392
966.94717,0.00191
967.18946,-0.00384
967.43177,0.00257
967.67408,-0.00714
967.91639,0.000811602
968.15871,-0.00537
968.40103,0.00216
968.64336,-0.00328
968.88569,0.0023
969.12803,-0.00612
969.37038,0.00107
969.61273,-0.00537
969.85508,0.00171
970.09744,-0.00616
970.3398,0.000122564
970.58218,-0.00504
970.82455,0.0008355
971.06693,-0.00618
971.30932,0.000629841
971.55171,-0.00452
971.7941,0.00405
972.03651,-0.00536
972.27891,-0.000701181
972.52132,-0.00682
972.76374,0.00311
973.00616,-0.00497
973.24859,0.00239
973.49102,-0.00135
973.73346,0.00299
973.9759,-0.00505
974.21835,0.00173
974.4608,-0.00357
974.70326,-0.000197343
974.94572,-0.0063
975.18819,0.00164
975.43066,-0.00404
975.67314,0.00315
975.91562,-0.00379
976.15811,-9.65572E-05
976.40061,-0.00548
976.6431,0.00343
976.88561,-0.00409
977.12812,0.00336
977.37063,-0.00643
977.61315,0.00407
977.85567,-0.00198
978.0982,0.00412
978.34074,-0.000557812
978.58327,0.000730843
978.82582,-0.00167
979.06837,0.00090688
979.31092,-0.00511
979.55348,0.00115
979.79604,-0.00539
980.03861,0.00147
980.28119,-0.0036
980.52377,0.00602
980.76635,-0.00664
981.00894,0.00202
981.25154,-0.00202
981.49413,0.00303
981.73674,-0.00396
981.97935,0.000207488
982.22196,-0.00514
982.46458,0.000580508
982.70721,-0.00673
982.94983,0.00432
983.19247,-0.00453
983.43511,0.0023
983.67775,-0.00534
983.9204,0.00416
984.16306,-0.005
984.40571,0.00211
984.64838,-0.00339
984.89105,0.00485
985.13372,-0.00618
985.3764,0.00277
985.61908,-0.00546
985.86177,0.00129
986.10447,-0.00905
986.34716,0.00368
986.58987,-0.00447
986.83258,-0.00166
987.07529,-0.00527
987.31801,0.00489
987.56073,-0.00472
987.80346,0.00394
988.04619,-0.00447
988.28893,0.00229
988.53167,-0.00813
988.77442,0.0024
989.01717,-0.00362
989.25993,0.00346
989.50269,-0.00493
989.74546,0.00213
989.98823,-0.00195
990.23101,0.00401
990.47379,-0.00884
990.71657,0.00523
990.95937,-0.00895
991.20216,-0.00156
991.44496,-0.00879
991.68777,0.00168
991.93058,-0.00682
992.17339,-0.000254454
992.41621,-0.00304
992.65904,0.000672461
992.90187,-0.00805
993.1447,0.00528
993.38754,-0.00756
993.63039,0.00359
993.87324,-0.00589
994.11609,0.00668
994.35895,-0.00485
994.60181,0.00194
994.84468,-0.00699
995.08755,0.00373
995.33043,-0.00802
995.57331,0.00287
995.8162,-0.00887
996.05909,0.00411
996.30199,-0.00774
996.54489,-0.000558269
996.7878,-0.0079
997.03071,0.00362
997.27363,-0.01045
997.51655,0.00475
997.75947,-0.00867
998.0024,0.00535
998.24534,-0.00974
998.48828,0.000586872
998.73122,-0.00447
998.97417,0.00131
999.21712,-0.01079
999.46008,0.00246
999.70304,-0.00993
999.94601,-3.58886E-05
1000.18898,-0.00769
1000.43196,0.000262555
1000.67494,-0.01278
1000.91793,0.00624
1001.16092,-0.01017
1001.40392,0.00495
1001.64692,-0.00464
1001.88992,0.00199
1002.13293,-0.01028
1002.37595,0.00591
1002.61897,-0.00868
1002.86199,0.0048
1003.10502,-0.0082
1003.34805,0.0039
1003.59109,-0.00746
1003.83413,-0.00134
1004.07718,-0.01412
1004.32023,-0.01682
1004.56329,0.00398
1004.80635,-0.0092
1005.04941,0.00255
1005.29248,-0.01039
1005.53556,0.00156
1005.77864,-0.00744
1006.02172,0.000471372
1006.26481,-0.01117
1006.5079,0.00628
1006.751,-0.00603
1006.9941,0.00299
1007.23721,-0.00495
1007.48032,-0.000334341
1007.72344,-0.00969
1007.96656,0.00364
1008.20968,-0.00693
1008.45281,0.00679
1008.69595,-0.00969
1008.93909,0.00224
1009.18223,-0.01229
1009.42538,-0.00026767
1009.66853,-0.01653
1009.91169,-0.00196
1010.15485,-0.00995
1010.39801,0.00613
1010.64118,-0.01118
1010.88436,0.00568
1011.12754,-0.00707
1011.37072,-0.00175
1011.61391,-0.01533
1011.8571,0.00553
1012.1003,-0.00928
1012.3435,0.00433
1012.58671,-0.0095
1012.82992,0.00122
1013.07314,-0.01708
1013.31636,-0.00198
1013.55958,-0.01434
1013.80281,0.0054
1014.04604,-0.01453
1014.28928,-0.00228
1014.53252,-0.00864
1014.77577,0.01261
1015.01902,-0.01809
1015.26228,0.0098
1015.50554,-0.01161
1015.7488,0.000230362
1015.99207,-0.00862
1016.23535,0.00392
1016.47862,-0.01289
1016.72191,0.00222
1016.96519,-0.01368
1017.20848,0.00322
1017.45178,-0.01468
1017.69508,0.00845
1017.93838,-0.01679
1018.18169,-0.00223
1018.425,-0.01295
1018.66832,0.01078
1018.91164,-0.01135
1019.15497,0.00916
1019.3983,-0.01372
1019.64164,-0.000259537
1019.88498,0
1020.12832,0
1020.37167,0
1020.61502,0
1020.85838,0
1021.10174,0
1021.3451,0
1021.58847,0
1021.83185,0
1022.07523,0
1022.31861,0
1022.562,0
1022.80539,0
1023.04878,0
1023.29218,0
1023.53559,0
1023.779,0
1024.02241,0
1024.26583,0
1024.50925,0
1024.75268,0
1024.99611,0
1025.23954,0
1025.48298,0
1025.72642,0
1025.96987,0
1026.21332,0
1026.45678,0
1026.70024,0
1026.9437,0
1027.18717,0
1027.43064,0
